timestamp,altitude,engine1_rpm,engine2_rpm,engine1_temp_C,engine2_temp_C,vibration_mm_s,fuel_flow_kg_h,oil_pressure_psi,heading_deg,hydraulic_pressure_psi,electrical_load_amp,cabin_pressure_ft,angle_of_attack_deg,flaps_deg,spoiler_percent
2025-09-05 08:15:00,0.0,9900.2,9733.9,792.9,768.4,1.36,3618.8,60.9,90.09,3034.4,181.6,0.0,9.0,14.9,0.0
2025-09-05 08:15:01,73.7,9772.3,9806.7,775.9,792.5,1.14,3862.6,57.2,90.04,3020.2,190.4,21.9,9.96,14.9,0.0
2025-09-05 08:15:02,145.6,9523.8,9755.8,794.2,797.7,1.16,3474.6,60.4,90.03,3041.2,189.3,0.0,9.32,14.9,0.0
2025-09-05 08:15:03,217.4,10098.6,9671.4,790.0,804.1,1.13,3550.3,57.4,89.98,3001.4,209.8,0.0,9.06,14.9,0.0
2025-09-05 08:15:04,291.4,9638.7,9716.7,786.3,790.4,1.24,3727.7,59.3,89.98,3060.0,202.2,0.0,9.15,14.7,0.0
2025-09-05 08:15:05,363.4,9827.0,9912.4,786.1,778.2,1.29,3729.3,59.5,90.03,3028.5,199.8,0.0,9.16,14.7,0.0
2025-09-05 08:15:06,438.5,9819.0,9894.9,801.2,794.4,1.31,3631.6,59.2,90.02,2895.2,187.2,62.7,8.77,14.7,0.0
2025-09-05 08:15:07,514.2,10024.9,10003.7,799.8,786.1,0.79,3963.9,60.7,89.99,3010.3,198.1,57.1,9.16,14.7,0.0
2025-09-05 08:15:08,583.6,9707.5,9497.2,801.8,777.7,0.93,3666.2,58.9,90.0,3043.6,206.5,0.0,9.31,14.5,0.0
2025-09-05 08:15:09,656.4,9956.4,9718.2,781.0,785.9,0.54,3699.0,62.4,90.08,3001.0,201.4,14.5,8.53,14.5,0.0
2025-09-05 08:15:10,731.7,9658.9,9714.5,784.4,797.6,1.39,3569.2,60.9,90.06,3083.6,210.4,70.7,9.0,14.4,0.0
2025-09-05 08:15:11,804.5,9975.8,9814.2,795.3,798.7,1.47,3905.7,61.7,90.02,2972.4,200.6,6.6,8.03,14.4,0.0
2025-09-05 08:15:12,877.0,9655.3,9708.1,780.5,795.3,1.52,3784.7,61.1,90.02,3039.4,206.8,4.1,8.42,14.2,0.0
2025-09-05 08:15:13,948.0,9723.4,9697.8,784.0,782.9,1.23,3717.6,61.3,90.07,2927.6,204.4,0.0,9.37,14.3,0.0
2025-09-05 08:15:14,1022.9,10107.3,9918.1,776.4,807.9,1.48,3407.9,60.0,90.03,2998.9,194.2,78.4,9.51,14.2,0.0
2025-09-05 08:15:15,1097.4,9838.9,9815.3,802.0,782.1,1.18,3710.1,62.8,90.02,2967.0,213.2,34.6,9.74,14.2,0.0
2025-09-05 08:15:16,1166.4,9803.7,9586.7,796.4,789.7,1.16,3584.7,58.5,89.95,2940.9,203.5,33.0,8.53,14.1,0.0
2025-09-05 08:15:17,1241.3,10166.1,10011.9,792.2,780.1,0.81,3714.5,60.7,89.95,2923.1,208.1,22.3,8.98,14.0,0.0
2025-09-05 08:15:18,1311.4,9846.4,9954.4,790.5,799.5,1.0,3793.1,60.0,89.94,3011.9,189.2,9.8,8.87,13.9,0.0
2025-09-05 08:15:19,1385.7,9646.3,9687.4,786.1,793.4,1.05,3542.1,59.7,89.92,3023.8,189.0,77.2,9.4,13.9,0.0
2025-09-05 08:15:20,1457.7,9909.9,9926.3,786.2,796.5,1.42,3687.9,60.5,90.01,2962.1,198.0,23.1,9.1,14.0,0.0
2025-09-05 08:15:21,1534.0,9584.1,9660.0,793.3,790.9,1.61,3787.7,59.0,90.02,2927.2,191.8,36.3,9.0,13.8,0.0
2025-09-05 08:15:22,1605.0,9976.8,9976.4,784.0,789.8,1.08,3679.7,61.2,89.98,2948.1,206.0,1.8,9.18,13.8,0.0
2025-09-05 08:15:23,1681.1,9990.0,9748.0,797.6,791.5,1.29,3605.5,61.1,90.03,3043.1,203.9,26.5,8.77,13.7,0.0
2025-09-05 08:15:24,1754.0,9687.6,9648.5,785.6,777.1,1.26,3495.3,60.1,90.03,2929.2,212.1,51.4,9.3,13.7,0.0
2025-09-05 08:15:25,1826.3,9678.3,9721.6,782.9,797.2,1.0,3554.2,61.0,90.01,3065.0,205.7,57.6,8.79,13.6,0.0
2025-09-05 08:15:26,1894.8,9815.0,9654.8,798.1,796.7,0.76,3463.5,58.6,89.95,2902.2,188.5,28.4,9.33,13.5,0.0
2025-09-05 08:15:27,1971.8,9787.4,9817.7,788.0,787.5,1.01,3804.0,57.5,90.07,3015.2,209.3,64.5,8.97,13.4,0.0
2025-09-05 08:15:28,2045.8,9618.8,9814.8,792.9,790.2,0.83,3670.7,59.2,90.06,3037.7,193.3,86.4,8.98,13.4,0.0
2025-09-05 08:15:29,2119.2,9881.6,9791.1,786.1,792.4,1.11,3471.7,59.7,89.98,3069.9,192.5,8.3,8.44,13.4,0.0
2025-09-05 08:15:30,2189.0,9437.9,9690.4,773.2,801.3,1.16,3654.2,63.5,90.08,2974.2,200.5,122.9,8.28,13.4,0.0
2025-09-05 08:15:31,2264.2,9711.4,9162.6,792.8,793.3,1.15,3460.4,59.7,90.01,2954.7,199.8,100.1,8.25,13.2,0.0
2025-09-05 08:15:32,2336.2,9716.3,9800.8,779.6,790.6,1.15,3159.7,61.5,89.97,2916.6,210.2,70.3,9.03,13.2,0.0
2025-09-05 08:15:33,2409.7,9738.5,9462.6,796.6,786.7,1.31,3837.0,61.2,89.99,3051.8,228.1,113.1,8.01,13.2,0.0
2025-09-05 08:15:34,2486.5,9837.2,9826.5,778.1,779.8,0.96,3831.4,63.0,89.93,2991.6,204.1,144.1,9.34,13.2,0.0
2025-09-05 08:15:35,2555.8,9576.2,9977.2,775.9,786.1,1.42,3432.7,60.2,89.99,2972.5,214.4,135.8,8.68,13.0,0.0
2025-09-05 08:15:36,2630.4,9885.0,9831.6,791.2,790.8,0.78,3546.7,60.9,89.94,2974.8,197.7,144.4,8.28,13.0,0.0
2025-09-05 08:15:37,2705.3,9754.4,9718.8,792.0,788.5,1.21,3685.9,59.7,90.05,3013.8,203.2,150.5,8.92,12.9,0.0
2025-09-05 08:15:38,2775.5,9674.5,9754.4,789.7,790.8,1.29,3597.1,58.8,90.02,3001.0,194.7,179.4,8.3,12.9,0.0
2025-09-05 08:15:39,2849.5,9552.6,9762.4,780.5,795.5,1.0,3526.0,58.6,89.95,3067.6,195.6,118.8,8.78,12.8,0.0
2025-09-05 08:15:40,2923.0,9583.9,9691.6,795.2,793.4,0.8,3577.4,58.9,90.02,2874.4,213.3,152.4,8.65,12.7,0.0
2025-09-05 08:15:41,2996.0,9846.3,9685.8,778.7,792.2,1.35,3618.5,62.0,89.93,3048.2,204.4,193.0,9.2,12.6,0.0
2025-09-05 08:15:42,3066.4,9621.1,9627.9,785.8,794.9,1.03,3571.5,60.4,90.01,2968.3,204.3,188.7,9.07,12.6,0.0
2025-09-05 08:15:43,3142.1,9795.9,9987.0,783.5,791.6,1.39,3686.4,59.8,90.02,2994.7,191.8,159.7,9.07,12.6,0.0
2025-09-05 08:15:44,3217.7,9965.5,9782.4,786.4,790.1,1.39,3619.8,60.0,90.0,2981.0,216.9,194.2,8.53,12.6,0.0
2025-09-05 08:15:45,3285.0,9960.5,9947.6,795.0,793.6,1.19,3540.1,59.2,89.95,2994.3,198.1,188.2,9.17,12.5,0.0
2025-09-05 08:15:46,3362.9,10050.3,9742.5,784.6,778.2,1.19,3658.3,60.0,89.99,3043.1,193.3,220.8,8.66,12.5,0.0
2025-09-05 08:15:47,3434.5,9734.6,9797.3,793.0,799.1,1.44,3404.6,60.0,89.99,3012.1,199.7,172.4,8.72,12.3,0.0
2025-09-05 08:15:48,3506.0,9600.5,9756.0,793.9,781.3,1.29,3872.0,60.9,90.0,2915.7,206.6,182.1,8.83,12.3,0.0
2025-09-05 08:15:49,3584.4,9958.5,9863.7,777.0,796.2,0.96,3392.9,61.3,90.06,2995.4,207.3,196.8,8.75,12.2,0.0
2025-09-05 08:15:50,3655.0,9837.6,9925.5,780.8,790.4,1.24,3642.0,57.7,90.07,2993.7,214.5,249.8,8.13,12.2,0.0
2025-09-05 08:15:51,3724.1,9976.1,9825.7,786.3,798.1,1.33,3705.6,60.3,90.06,3020.9,189.3,346.8,8.87,12.2,0.0
2025-09-05 08:15:52,3799.7,9786.9,9670.5,784.9,790.6,1.24,3716.8,61.9,89.97,3001.8,195.6,305.3,8.01,12.1,0.0
2025-09-05 08:15:53,3873.8,9988.3,9652.4,791.2,783.7,1.24,3693.7,58.6,89.97,2994.8,215.4,322.5,8.78,12.1,0.0
2025-09-05 08:15:54,3945.3,9928.9,10067.1,775.5,797.9,1.16,3844.4,59.7,90.0,3058.9,222.6,290.6,8.57,12.0,0.0
2025-09-05 08:15:55,4020.2,9906.8,9737.4,794.0,791.6,1.16,3485.3,60.2,90.01,2936.3,193.6,353.3,8.61,11.9,0.0
2025-09-05 08:15:56,4091.7,9870.6,9735.5,794.2,791.2,0.96,3644.0,61.6,89.91,3125.9,198.9,320.8,8.15,11.8,0.0
2025-09-05 08:15:57,4166.3,9852.6,10034.1,787.8,790.9,0.84,3676.4,60.8,89.97,2966.8,184.4,320.5,8.94,11.7,0.0
2025-09-05 08:15:58,4240.9,9824.6,9969.9,779.3,797.4,1.47,3579.8,59.7,90.07,2939.4,191.6,364.4,8.49,11.8,0.0
2025-09-05 08:15:59,4309.7,9823.4,9875.8,789.0,796.1,1.03,3565.1,60.7,89.94,3045.0,191.0,296.2,8.86,11.8,0.0
2025-09-05 08:16:00,4384.5,9953.3,9717.1,785.2,792.0,1.25,3847.6,61.5,89.96,3061.9,198.8,272.8,8.25,11.8,0.0
2025-09-05 08:16:01,4456.3,9698.0,10185.0,793.0,779.5,0.82,3547.2,60.6,89.96,3072.1,188.0,316.4,8.24,11.7,0.0
2025-09-05 08:16:02,4530.5,10080.1,9851.8,788.4,787.5,1.23,3582.3,62.6,90.01,3084.2,209.2,414.3,8.53,11.6,0.0
2025-09-05 08:16:03,4601.0,9766.9,9878.0,794.1,791.1,0.99,3612.7,60.6,89.99,3027.3,199.3,407.0,8.88,11.4,0.0
2025-09-05 08:16:04,4675.3,9952.5,9755.9,786.0,802.9,1.93,3622.2,58.5,89.98,3003.4,197.3,393.0,7.98,11.3,0.0
2025-09-05 08:16:05,4749.1,9769.7,9544.6,799.1,793.1,0.94,3678.5,58.9,89.93,3021.5,209.1,388.7,8.25,11.4,0.0
2025-09-05 08:16:06,4824.3,9743.1,9558.1,772.9,789.7,0.95,3623.1,59.8,90.01,2999.5,197.2,401.1,8.27,11.3,0.0
2025-09-05 08:16:07,4897.9,10130.5,9854.2,781.9,798.7,1.43,3710.1,59.7,89.99,2968.2,187.5,430.4,8.34,11.2,0.0
2025-09-05 08:16:08,4966.0,9732.4,9851.6,792.4,789.6,1.48,3674.4,60.9,89.96,3092.8,200.1,398.4,8.26,11.2,0.0
2025-09-05 08:16:09,5040.2,9567.9,9744.2,778.4,790.2,0.67,3726.0,60.5,89.99,3105.2,221.5,464.2,8.83,11.2,0.0
2025-09-05 08:16:10,5116.1,9663.6,9585.8,794.2,791.5,1.26,3859.5,62.4,90.02,3000.3,200.9,415.6,8.68,11.0,0.0
2025-09-05 08:16:11,5183.9,9731.1,9539.9,780.5,779.9,1.41,3527.3,61.2,89.93,2986.5,205.1,504.7,8.41,11.0,0.0
2025-09-05 08:16:12,5260.0,10151.4,9729.3,789.7,797.1,0.89,3901.4,62.1,89.93,2971.3,197.9,458.3,8.71,10.9,0.0
2025-09-05 08:16:13,5333.8,9820.1,9537.5,782.6,793.4,1.36,3586.6,58.9,89.95,2902.2,197.7,449.2,8.77,11.0,0.0
2025-09-05 08:16:14,5409.6,9943.9,9937.8,785.9,788.4,1.06,3753.6,59.4,89.95,2960.6,204.9,481.5,8.13,10.8,0.0
2025-09-05 08:16:15,5481.5,9614.7,9981.0,790.2,782.4,0.94,3677.9,61.0,89.86,2969.9,173.5,470.7,8.08,10.8,0.0
2025-09-05 08:16:16,5552.6,9844.9,10265.9,788.3,791.9,1.11,3609.4,60.1,89.96,2998.7,187.5,508.5,8.61,10.7,0.0
2025-09-05 08:16:17,5625.6,9899.2,9934.3,786.3,800.2,1.08,3359.8,60.9,90.03,2941.8,193.9,462.8,9.14,10.7,0.0
2025-09-05 08:16:18,5698.9,10091.3,9684.2,804.1,785.9,0.85,3895.3,60.4,89.97,2889.6,197.2,518.4,7.42,10.6,0.0
2025-09-05 08:16:19,5775.5,9666.6,9636.8,789.1,783.0,1.75,3540.3,59.1,90.02,3037.8,214.4,548.8,8.07,10.6,0.0
2025-09-05 08:16:20,5844.7,9887.6,9198.2,782.2,793.3,1.08,3535.7,62.4,89.87,3099.8,224.3,570.5,8.6,10.6,0.0
2025-09-05 08:16:21,5918.0,9836.4,9683.9,795.5,779.2,1.01,3812.8,61.6,89.98,2876.5,206.2,555.5,7.98,10.4,0.0
2025-09-05 08:16:22,5992.4,9611.3,9754.9,794.7,774.8,1.41,3664.9,57.8,90.04,2992.0,203.8,621.1,8.61,10.4,0.0
2025-09-05 08:16:23,6064.5,9781.7,9949.5,797.6,787.3,1.17,3938.4,59.2,90.05,3049.7,206.7,534.0,8.35,10.4,0.0
2025-09-05 08:16:24,6137.4,9740.2,9889.0,801.5,785.6,1.52,3905.5,60.1,89.96,2932.4,214.9,595.4,7.78,10.3,0.0
2025-09-05 08:16:25,6208.6,9389.7,9885.0,782.4,788.5,1.13,3759.7,61.0,89.95,2916.8,190.1,597.8,8.07,10.2,0.0
2025-09-05 08:16:26,6283.9,9886.8,9821.3,796.4,786.5,1.28,3691.3,59.9,90.0,3002.0,195.0,625.5,8.37,10.3,0.0
2025-09-05 08:16:27,6356.1,9876.8,9897.4,797.0,792.7,1.22,3767.7,58.1,89.93,2986.6,201.4,628.5,7.88,10.2,0.0
2025-09-05 08:16:28,6432.4,9710.4,10031.1,789.0,788.9,1.23,3456.5,61.2,89.97,2963.2,202.8,696.0,8.43,10.2,0.0
2025-09-05 08:16:29,6504.4,9557.4,9604.0,790.7,786.2,1.14,3679.2,59.7,89.91,3095.5,180.9,660.7,8.32,9.9,0.0
2025-09-05 08:16:30,6576.2,10036.6,9707.3,768.0,787.2,1.17,3675.6,61.7,89.98,3087.1,204.2,641.1,8.07,9.9,0.0
2025-09-05 08:16:31,6650.6,9830.2,9548.9,785.0,794.8,1.61,3583.0,60.4,89.98,3038.2,184.0,769.0,8.32,10.0,0.0
2025-09-05 08:16:32,6721.7,9957.8,10060.2,801.5,797.1,1.02,3691.5,61.4,90.04,2996.4,207.5,697.5,8.03,9.9,0.0
2025-09-05 08:16:33,6797.5,10024.8,10005.5,776.5,796.7,1.06,3435.1,61.2,89.99,2981.5,208.3,702.7,8.24,9.8,0.0
2025-09-05 08:16:34,6868.5,9696.4,9912.9,785.3,795.3,1.11,3788.3,61.3,89.95,3051.7,177.3,750.2,7.76,9.7,0.0
2025-09-05 08:16:35,6942.7,9923.1,9581.2,791.0,767.3,1.33,3845.9,59.3,89.97,2986.9,204.9,711.8,8.67,9.7,0.0
2025-09-05 08:16:36,7012.0,9744.0,9814.4,793.0,783.4,1.29,3459.9,61.5,89.92,3086.9,201.8,736.5,8.02,9.6,0.0
2025-09-05 08:16:37,7088.4,9774.4,9745.1,800.4,788.2,1.42,3675.1,60.3,89.98,3073.0,193.7,785.6,8.55,9.7,0.0
2025-09-05 08:16:38,7157.4,9770.4,9798.7,776.7,791.8,0.86,3884.3,58.3,89.97,2965.7,209.4,728.1,8.91,9.6,0.0
2025-09-05 08:16:39,7229.7,9784.8,9753.0,789.3,779.1,1.26,3715.9,59.5,89.99,3045.0,219.8,765.2,8.69,9.5,0.0
2025-09-05 08:16:40,7306.3,9974.4,9873.4,795.0,800.4,1.15,3499.3,59.6,90.01,3091.9,204.8,824.8,8.07,9.3,0.0
2025-09-05 08:16:41,7378.2,9806.1,9717.9,779.8,792.5,1.12,3505.8,60.7,89.89,3039.0,189.0,866.2,8.12,9.4,0.0
2025-09-05 08:16:42,7453.4,9758.9,9930.3,788.7,786.1,1.23,3780.7,61.0,89.99,2946.3,185.5,814.7,8.04,9.4,0.0
2025-09-05 08:16:43,7530.6,9738.0,9826.0,802.2,791.6,0.7,3927.0,58.5,90.0,2985.7,188.2,826.2,8.16,9.3,0.0
2025-09-05 08:16:44,7597.5,9843.0,9735.2,798.2,788.0,1.26,3491.2,61.0,89.92,2981.6,189.7,879.2,7.71,9.3,0.0
2025-09-05 08:16:45,7671.0,9632.9,9766.0,792.8,785.1,1.23,3658.8,59.9,90.05,3008.4,211.1,804.4,7.33,9.2,0.0
2025-09-05 08:16:46,7745.7,9699.5,9710.1,770.7,794.0,0.84,3537.4,58.6,89.94,3003.3,202.7,843.4,8.13,9.1,0.0
2025-09-05 08:16:47,7819.4,9776.1,9923.4,788.1,787.2,1.17,3610.7,61.2,90.07,2981.2,199.6,852.6,8.01,9.1,0.0
2025-09-05 08:16:48,7891.1,9688.8,9738.9,791.7,780.5,1.58,3699.2,59.0,90.0,3051.5,208.6,822.2,8.57,9.1,0.0
2025-09-05 08:16:49,7964.1,9764.9,9835.1,786.8,786.0,1.1,3646.9,58.4,90.01,3080.3,200.0,806.1,8.66,8.9,0.0
2025-09-05 08:16:50,8039.0,9681.2,9718.3,788.5,789.6,1.34,3550.9,61.1,89.98,2969.2,200.2,903.5,7.44,8.9,0.0
2025-09-05 08:16:51,8111.7,10125.7,9532.5,810.6,782.9,1.14,3966.9,61.3,90.01,2916.4,191.5,961.0,7.6,8.8,0.0
2025-09-05 08:16:52,8181.6,10010.9,9939.0,787.5,799.3,0.99,3629.5,59.1,89.93,3023.7,193.6,965.4,8.23,8.8,0.0
2025-09-05 08:16:53,8256.6,9861.5,9605.1,782.2,782.8,0.96,3626.0,61.5,89.94,3002.6,200.2,998.6,8.38,8.7,0.0
2025-09-05 08:16:54,8329.9,9775.9,9900.5,790.7,802.7,1.09,3818.4,61.4,89.89,3026.8,188.2,875.3,7.97,8.7,0.0
2025-09-05 08:16:55,8400.8,10157.4,9856.4,786.8,796.7,1.52,3654.9,59.3,89.99,2962.8,216.4,976.1,7.93,8.6,0.0
2025-09-05 08:16:56,8476.5,9839.9,9503.5,786.8,783.8,1.4,3622.9,62.8,89.94,3019.5,201.1,1039.3,7.19,8.5,0.0
2025-09-05 08:16:57,8547.3,9770.2,9624.4,788.4,791.3,1.02,3794.4,60.0,90.0,2949.8,194.4,977.2,8.76,8.4,0.0
2025-09-05 08:16:58,8624.1,9836.5,9697.6,794.4,798.7,1.44,3498.9,60.3,89.99,3066.0,209.6,975.3,7.61,8.4,0.0
2025-09-05 08:16:59,8695.6,9837.0,9645.5,790.7,789.1,1.16,3764.5,56.7,89.91,3100.4,189.3,1044.5,8.08,8.4,0.0
2025-09-05 08:17:00,8768.4,10024.8,9584.0,780.6,782.1,1.02,3806.5,60.9,89.99,2949.0,210.4,1046.0,7.98,8.4,0.0
2025-09-05 08:17:01,8840.2,9781.8,9910.8,788.1,791.2,1.3,3751.6,59.2,89.98,2852.3,200.7,1080.3,7.5,8.3,0.0
2025-09-05 08:17:02,8914.2,10141.9,9744.3,792.3,804.4,0.97,3626.4,60.7,89.97,2974.7,218.6,1071.4,8.15,8.3,0.0
2025-09-05 08:17:03,8983.5,9635.1,9850.6,785.7,780.0,0.8,3651.8,57.6,89.98,2972.7,194.4,1127.0,8.37,8.1,0.0
2025-09-05 08:17:04,9058.3,9903.0,9711.8,797.0,794.3,1.51,3397.4,61.7,89.96,3014.7,195.9,1121.4,7.79,8.1,0.0
2025-09-05 08:17:05,9134.3,9614.7,9836.9,794.4,790.5,0.74,3633.6,62.1,89.96,3004.6,191.4,1119.6,7.85,8.0,0.0
2025-09-05 08:17:06,9202.4,10093.9,9657.3,782.1,789.6,1.33,3696.0,62.7,90.0,3032.2,187.4,1111.1,8.03,7.9,0.0
2025-09-05 08:17:07,9281.4,9728.8,9780.5,791.2,787.7,0.82,3782.0,55.9,89.92,3161.0,202.3,1161.2,8.15,8.0,0.0
2025-09-05 08:17:08,9349.3,9775.1,9883.9,802.9,788.2,1.19,3674.1,60.9,89.91,2971.3,189.3,1127.7,8.09,7.9,0.0
2025-09-05 08:17:09,9427.4,9942.1,9792.7,799.9,797.7,1.14,3595.1,60.5,89.93,2982.0,203.0,1196.3,7.41,7.8,0.0
2025-09-05 08:17:10,9497.3,9998.4,9707.3,788.6,794.6,1.08,3528.2,55.8,90.0,3028.9,193.5,1216.0,7.38,7.8,0.0
2025-09-05 08:17:11,9573.6,9596.0,9600.3,795.3,783.5,0.65,3646.1,59.0,89.95,2896.5,210.3,1222.4,7.51,7.8,0.0
2025-09-05 08:17:12,9645.4,9726.2,9813.5,784.3,801.4,1.17,3672.9,59.9,90.04,3049.5,174.4,1159.8,6.68,7.7,0.0
2025-09-05 08:17:13,9715.1,9547.9,9843.6,778.9,781.4,1.18,3832.8,62.0,89.84,2967.8,204.0,1231.7,7.2,7.6,0.0
2025-09-05 08:17:14,9793.7,9808.3,9741.1,792.9,795.1,0.97,3654.2,58.9,89.93,2920.6,200.3,1242.7,7.62,7.6,0.0
2025-09-05 08:17:15,9867.2,9767.8,9654.2,790.7,791.8,1.18,3578.5,60.3,89.94,2954.9,199.8,1273.2,7.43,7.5,0.0
2025-09-05 08:17:16,9937.2,9725.7,9877.2,792.6,798.9,1.44,3636.9,60.0,89.97,3033.2,193.5,1203.7,7.35,7.4,0.0
2025-09-05 08:17:17,10009.9,9668.6,10206.9,788.8,793.0,1.02,3581.1,60.6,90.01,3052.9,217.2,1249.7,8.0,7.3,0.0
2025-09-05 08:17:18,10083.2,9719.4,9733.6,791.3,797.9,1.26,3618.0,59.5,89.95,3076.6,195.7,1281.0,7.77,7.3,0.0
2025-09-05 08:17:19,10154.6,9658.1,9842.2,785.4,790.3,0.91,3325.0,61.3,89.92,3029.7,204.1,1344.7,7.95,7.1,0.0
2025-09-05 08:17:20,10231.8,9874.9,9849.2,792.3,797.3,1.29,3416.2,61.4,89.99,2962.4,197.2,1290.2,7.56,7.2,0.0
2025-09-05 08:17:21,10301.6,10042.7,9348.7,794.8,792.9,1.35,3475.4,58.1,90.02,3036.7,196.2,1354.6,7.45,7.1,0.0
2025-09-05 08:17:22,10375.7,9456.8,9806.1,788.6,805.5,1.81,3722.0,61.6,89.85,2999.9,200.7,1342.6,7.27,7.1,0.0
2025-09-05 08:17:23,10447.3,9765.3,9664.9,794.7,785.6,1.42,3641.2,59.0,89.98,3140.2,206.5,1417.1,7.68,7.0,0.0
2025-09-05 08:17:24,10520.7,9713.9,10020.4,776.6,798.9,1.3,3674.6,59.7,89.97,2885.2,188.7,1375.8,6.89,7.0,0.0
2025-09-05 08:17:25,10592.4,9868.7,9741.8,783.5,793.8,1.54,3825.3,61.6,89.92,3098.1,195.1,1323.2,7.23,6.9,0.0
2025-09-05 08:17:26,10670.6,9623.2,9652.8,799.1,791.7,0.95,3498.0,60.2,89.93,3049.4,185.8,1382.3,7.78,6.8,0.0
2025-09-05 08:17:27,10740.8,9760.1,9747.9,801.3,786.5,1.46,3822.4,60.9,89.96,3028.5,203.8,1414.2,7.87,6.9,0.0
2025-09-05 08:17:28,10816.1,9608.3,9813.3,790.8,793.6,1.06,3709.8,61.2,89.95,2999.5,191.3,1462.4,7.51,6.7,0.0
2025-09-05 08:17:29,10887.3,9903.4,9689.8,788.3,780.2,1.04,3546.8,60.9,89.94,2972.3,192.4,1455.4,7.08,6.6,0.0
2025-09-05 08:17:30,10958.9,9801.9,9776.0,788.3,780.9,1.46,3873.7,59.3,89.9,2949.0,206.3,1436.8,7.73,6.7,0.0
2025-09-05 08:17:31,11032.7,9757.5,9554.8,803.1,795.5,1.25,3441.0,58.7,89.96,2914.6,199.7,1416.8,7.22,6.6,0.0
2025-09-05 08:17:32,11105.4,9847.9,9746.7,818.0,779.6,1.52,3485.5,61.0,89.92,3123.4,203.8,1474.9,7.44,6.5,0.0
2025-09-05 08:17:33,11179.6,9743.1,9916.9,818.0,800.6,0.84,3621.8,61.1,89.95,3059.5,198.4,1483.3,7.11,6.4,0.0
2025-09-05 08:17:34,11251.9,9520.9,10119.8,803.1,788.6,1.26,3712.8,60.6,89.93,3044.3,203.9,1546.7,8.16,6.4,0.0
2025-09-05 08:17:35,11325.1,9886.3,9905.1,788.3,792.3,1.06,3624.3,59.8,89.96,3026.4,200.7,1546.7,8.02,6.3,0.0
2025-09-05 08:17:36,11396.0,9834.0,9831.2,792.1,791.0,1.13,3335.9,61.3,89.98,2894.1,188.7,1480.7,7.12,6.3,0.0
2025-09-05 08:17:37,11470.2,9758.8,9986.2,781.1,793.5,0.72,3608.4,60.0,89.96,2989.3,201.9,1463.1,6.99,6.2,0.0
2025-09-05 08:17:38,11548.2,9952.4,9958.2,792.8,788.6,1.43,3640.1,58.2,89.97,3012.6,196.4,1542.1,7.4,6.2,0.0
2025-09-05 08:17:39,11616.6,9992.1,10067.9,778.5,787.9,1.25,4029.9,60.5,89.89,3072.8,197.4,1579.3,7.65,6.2,0.0
2025-09-05 08:17:40,11688.9,9599.3,9969.1,799.4,789.6,0.95,3856.3,60.8,89.97,2947.4,202.6,1550.7,7.88,6.0,0.0
2025-09-05 08:17:41,11764.8,9652.2,9765.0,789.9,797.9,0.86,3670.8,61.1,89.96,3021.4,194.3,1580.0,7.36,6.0,0.0
2025-09-05 08:17:42,11840.0,10048.0,9828.9,780.9,798.5,0.98,3490.8,58.8,89.92,2991.9,189.2,1652.3,6.9,5.9,0.0
2025-09-05 08:17:43,11907.3,10026.2,9815.5,798.4,799.4,1.54,3703.3,59.0,89.94,3007.5,211.6,1650.7,7.48,5.9,0.0
2025-09-05 08:17:44,11982.9,9659.5,9836.4,797.1,793.1,1.17,3479.7,60.5,89.83,2960.5,218.1,1580.2,7.45,5.9,0.0
2025-09-05 08:17:45,12055.1,9584.3,9819.1,784.4,789.1,1.11,3682.6,59.4,89.95,3026.8,196.4,1665.1,6.73,5.8,0.0
2025-09-05 08:17:46,12125.9,9676.6,9652.0,804.4,778.8,1.32,3706.9,60.0,89.93,3010.6,211.2,1672.6,7.23,5.8,0.0
2025-09-05 08:17:47,12204.0,9700.3,9427.4,782.0,795.0,1.2,3593.1,61.4,89.85,2897.4,203.6,1674.1,7.2,5.7,0.0
2025-09-05 08:17:48,12275.5,9515.7,9670.8,791.2,796.4,1.25,3689.5,60.6,89.96,3076.4,193.4,1714.3,6.93,5.6,0.0
2025-09-05 08:17:49,12348.8,9790.3,9440.6,797.3,787.7,1.38,3603.6,62.6,89.92,3133.5,191.5,1729.0,7.38,5.5,0.0
2025-09-05 08:17:50,12420.2,9567.4,9796.6,773.1,796.2,1.28,3567.9,60.5,89.95,2955.1,197.0,1808.1,7.69,5.5,0.0
2025-09-05 08:17:51,12495.7,9579.2,9785.8,796.0,799.6,1.41,3879.8,62.5,89.93,3072.8,195.5,1744.7,7.66,5.5,0.0
2025-09-05 08:17:52,12566.8,9940.7,9500.2,788.5,791.2,0.9,3738.6,61.6,89.96,2949.3,196.5,1725.8,6.92,5.3,0.0
2025-09-05 08:17:53,12640.6,9668.9,9902.0,788.9,797.9,1.21,3607.0,63.6,89.94,2975.5,198.6,1747.7,7.03,5.4,0.0
2025-09-05 08:17:54,12711.8,9772.8,9932.4,781.5,792.7,1.11,3538.8,60.1,89.93,3108.4,188.5,1803.4,7.5,5.3,0.0
2025-09-05 08:17:55,12784.6,9891.9,9801.3,791.3,778.4,1.22,3678.7,60.0,89.96,3017.9,208.4,1859.0,7.1,5.2,0.0
2025-09-05 08:17:56,12862.8,9923.2,10068.5,781.2,787.2,1.19,3736.4,61.9,89.97,3094.3,188.5,1827.7,7.08,5.1,0.0
2025-09-05 08:17:57,12932.2,9727.7,10103.2,782.2,787.7,1.04,3778.5,59.4,89.85,3023.4,189.1,1839.3,8.05,5.1,0.0
2025-09-05 08:17:58,13006.8,9792.5,9580.0,785.9,794.2,1.11,3870.7,59.4,89.94,3065.2,209.0,1844.1,6.21,5.1,0.0
2025-09-05 08:17:59,13079.3,9644.7,9961.2,780.4,784.5,1.43,3720.7,60.4,89.91,2997.0,207.4,1833.7,6.93,5.0,0.0
2025-09-05 08:18:00,13151.5,10082.1,9859.9,800.0,787.5,1.06,3486.6,60.6,89.89,3089.8,214.3,1865.6,6.85,5.0,0.0
2025-09-05 08:18:01,13224.5,9895.5,9856.1,779.7,783.8,0.89,3953.0,58.1,89.99,3110.4,201.2,1835.6,7.14,5.0,0.0
2025-09-05 08:18:02,13299.8,9597.4,9943.9,783.7,790.3,1.34,3824.2,60.5,89.98,3046.2,193.4,1916.8,7.8,4.8,0.0
2025-09-05 08:18:03,13371.0,9785.7,9662.7,786.8,791.0,1.44,3775.4,59.7,89.89,2974.0,211.2,1921.6,7.08,4.8,0.0
2025-09-05 08:18:04,13444.4,9906.3,9684.3,789.0,797.4,1.13,3850.3,60.1,89.89,2985.6,198.8,1925.7,7.02,4.7,0.0
2025-09-05 08:18:05,13517.8,9866.5,9644.5,794.5,796.1,1.23,3431.9,60.4,89.97,2952.2,198.6,1904.1,7.18,4.7,0.0
2025-09-05 08:18:06,13593.2,10096.0,9656.7,794.7,791.7,0.99,3597.1,59.8,89.91,3042.1,191.3,1938.7,6.99,4.7,0.0
2025-09-05 08:18:07,13665.2,10018.3,9768.3,786.9,792.2,1.15,3576.6,61.6,89.92,3037.3,203.8,1942.2,7.24,4.5,0.0
2025-09-05 08:18:08,13737.7,9693.3,9538.2,786.3,791.3,1.47,3828.4,60.8,89.86,2966.6,176.2,1986.4,8.05,4.6,0.0
2025-09-05 08:18:09,13808.9,9769.8,9607.2,789.2,791.3,1.39,3477.5,59.9,89.93,3060.4,205.0,1980.3,6.81,4.4,0.0
2025-09-05 08:18:10,13880.3,9567.1,9883.2,794.8,801.4,1.23,3604.6,60.2,89.98,2973.7,179.8,2016.7,6.98,4.4,0.0
2025-09-05 08:18:11,13958.1,9827.4,9772.9,793.9,773.1,1.13,3877.0,61.6,89.91,3112.8,208.5,2050.4,7.02,4.3,0.0
2025-09-05 08:18:12,14031.2,9810.7,9850.1,785.4,789.3,0.8,3748.1,61.2,89.93,3055.2,184.3,2076.1,6.23,4.3,0.0
2025-09-05 08:18:13,14102.0,10244.6,9463.8,774.6,792.7,1.28,3595.2,61.9,90.0,3099.6,206.6,2011.7,7.26,4.1,0.0
2025-09-05 08:18:14,14176.4,9801.6,9651.7,804.0,798.4,1.31,3930.5,59.9,89.97,2966.1,224.5,2049.5,6.99,4.2,0.0
2025-09-05 08:18:15,14250.0,9429.1,9690.6,795.7,782.9,1.46,3455.5,60.3,89.99,2949.7,197.0,2037.7,6.25,4.0,0.0
2025-09-05 08:18:16,14323.2,9670.7,9790.5,790.8,793.0,1.69,3719.2,62.9,89.96,2901.6,188.2,2132.2,6.89,4.1,0.0
2025-09-05 08:18:17,14396.4,9804.1,9685.3,791.4,796.6,1.29,3618.5,60.1,89.98,3045.1,219.2,2074.5,7.04,4.0,0.0
2025-09-05 08:18:18,14466.7,9571.5,9943.6,785.3,787.4,1.43,3727.7,62.5,89.86,2942.4,195.4,2164.1,6.63,3.9,0.0
2025-09-05 08:18:19,14543.7,9637.6,9775.1,782.0,777.2,0.93,3611.3,61.3,89.9,3085.6,188.7,2114.9,7.37,4.0,0.0
2025-09-05 08:18:20,14611.3,9722.8,9787.9,786.7,788.0,1.49,3528.4,59.5,89.86,3016.1,212.3,2181.5,6.72,3.8,0.0
2025-09-05 08:18:21,14688.6,9843.1,9787.3,787.4,782.1,1.41,3683.6,58.2,90.02,3052.1,171.4,2142.0,6.36,3.8,0.0
2025-09-05 08:18:22,14760.9,9756.9,9905.4,784.6,795.1,1.53,3457.2,61.0,89.93,2933.4,185.0,2167.2,7.23,3.7,0.0
2025-09-05 08:18:23,14834.7,9633.8,9704.8,778.8,784.6,1.37,3730.5,59.2,89.92,2973.5,186.7,2193.3,6.86,3.7,0.0
2025-09-05 08:18:24,14909.8,9918.9,9975.8,786.8,803.0,1.31,3604.7,59.2,89.9,3018.6,192.9,2206.4,6.95,3.6,0.0
2025-09-05 08:18:25,14982.1,9693.3,9863.2,793.0,791.5,1.56,3788.4,57.7,89.89,3050.7,179.6,2212.6,6.27,3.6,0.0
2025-09-05 08:18:26,15049.9,9700.1,9811.2,785.5,784.9,1.04,3585.8,61.8,89.81,2933.3,208.0,2254.8,6.35,3.4,0.0
2025-09-05 08:18:27,15121.9,9550.5,9792.1,789.2,787.0,1.36,3552.5,60.3,90.02,3027.9,210.0,2287.2,6.48,3.5,0.0
2025-09-05 08:18:28,15200.0,9651.4,9873.5,774.5,782.9,1.47,3711.0,60.2,89.92,2960.1,199.2,2290.0,6.8,3.4,0.0
2025-09-05 08:18:29,15269.4,9895.8,9957.6,787.5,793.3,1.01,3834.5,60.7,89.93,3055.1,195.7,2258.2,6.79,3.4,0.0
2025-09-05 08:18:30,15344.4,9510.0,9945.7,788.1,801.0,0.92,3345.5,60.5,89.87,2994.9,184.2,2225.6,7.36,3.2,0.0
2025-09-05 08:18:31,15419.2,9772.9,9848.9,780.4,789.0,1.31,3669.5,60.3,89.92,2990.8,204.5,2307.2,7.41,3.2,0.0
2025-09-05 08:18:32,15487.3,9907.0,9934.0,776.9,797.0,1.23,3744.4,60.9,89.94,3033.4,192.8,2220.4,6.86,3.3,0.0
2025-09-05 08:18:33,15559.5,9720.9,9805.1,791.9,783.9,1.35,3441.6,59.8,89.92,3075.1,205.9,2355.0,6.76,3.1,0.0
2025-09-05 08:18:34,15637.3,9825.8,9997.9,783.3,792.7,1.36,3521.6,56.6,89.95,2994.1,210.0,2367.6,7.51,3.2,0.0
2025-09-05 08:18:35,15709.9,9595.1,9780.5,792.4,806.7,1.01,3746.9,61.2,89.89,3079.0,200.3,2318.9,6.8,2.9,0.0
2025-09-05 08:18:36,15782.4,10007.7,9432.2,786.1,780.7,1.28,3529.5,60.7,89.93,2950.3,178.7,2394.9,7.15,2.9,0.0
2025-09-05 08:18:37,15856.0,9972.2,10012.4,793.4,799.2,1.48,3557.4,60.2,89.96,3024.5,190.4,2366.6,6.57,2.9,0.0
2025-09-05 08:18:38,15927.3,9825.0,9803.3,786.6,798.8,1.12,3905.7,62.4,89.94,2943.3,213.4,2447.0,6.7,2.8,0.0
2025-09-05 08:18:39,15999.1,9486.6,9585.9,778.5,777.4,1.13,3512.3,58.2,89.94,3020.4,202.5,2391.7,6.63,2.8,0.0
2025-09-05 08:18:40,16074.8,9607.2,9751.3,788.4,780.5,0.93,3524.0,56.1,89.92,2955.3,214.0,2403.7,6.46,2.7,0.0
2025-09-05 08:18:41,16146.3,9951.0,9634.7,786.7,783.7,1.4,3309.5,62.2,89.88,3010.1,177.5,2424.2,6.85,2.7,0.0
2025-09-05 08:18:42,16218.0,10076.2,10142.0,793.6,797.3,1.68,3489.7,60.7,89.94,3044.1,198.7,2469.2,6.38,2.5,0.0
2025-09-05 08:18:43,16295.4,9835.4,9869.6,785.8,787.5,0.87,3469.6,57.9,89.9,2952.2,198.0,2439.8,6.64,2.5,0.0
2025-09-05 08:18:44,16367.3,9997.0,9518.3,786.2,789.4,1.39,3905.2,59.6,89.88,2906.6,183.6,2567.0,6.83,2.5,0.0
2025-09-05 08:18:45,16441.3,9681.7,9877.8,795.0,795.5,1.42,3831.5,61.0,89.95,2997.9,193.4,2491.3,7.47,2.5,0.0
2025-09-05 08:18:46,16511.6,9752.8,9717.2,797.2,791.4,1.07,3464.6,58.5,89.85,3038.2,209.6,2578.5,5.92,2.3,0.0
2025-09-05 08:18:47,16585.3,9785.2,10110.9,794.3,792.1,1.11,3942.2,60.9,89.89,3021.4,205.2,2523.0,6.67,2.3,0.0
2025-09-05 08:18:48,16657.7,9856.9,9606.0,796.3,788.3,0.95,3765.5,63.1,89.95,2955.4,194.5,2536.3,6.88,2.3,0.0
2025-09-05 08:18:49,16731.0,9525.1,9403.0,792.2,798.4,1.01,3624.9,62.1,89.95,3056.3,203.1,2537.3,6.49,2.2,0.0
2025-09-05 08:18:50,16806.2,9944.9,9796.2,794.4,785.1,1.24,3771.1,60.1,89.9,2991.2,211.7,2549.9,6.94,2.2,0.0
2025-09-05 08:18:51,16877.3,10009.8,9725.8,795.1,802.3,1.36,3707.8,60.6,89.92,3052.2,189.0,2605.4,6.8,2.2,0.0
2025-09-05 08:18:52,16952.7,9589.7,9714.2,791.8,788.2,1.23,3538.4,58.8,89.94,2956.8,202.7,2645.8,6.77,2.1,0.0
2025-09-05 08:18:53,17025.7,9554.6,9421.0,789.4,784.9,1.41,3391.4,60.3,89.91,3033.3,210.3,2622.9,6.41,1.9,0.0
2025-09-05 08:18:54,17102.2,9844.6,9857.6,790.0,795.1,1.25,3517.0,59.7,89.88,3075.8,192.9,2603.0,6.48,2.0,0.0
2025-09-05 08:18:55,17168.4,9673.8,10069.5,805.8,793.7,0.92,3650.6,58.8,89.93,2969.5,212.8,2655.3,6.46,2.0,0.0
2025-09-05 08:18:56,17246.0,9382.0,9460.5,789.1,776.7,1.56,3598.7,58.3,89.92,2990.9,198.9,2635.3,6.16,1.8,0.0
2025-09-05 08:18:57,17317.1,9922.5,9984.1,787.3,792.1,1.49,3542.0,62.8,89.92,3043.6,210.9,2585.0,6.6,1.8,0.0
2025-09-05 08:18:58,17390.4,9811.5,9688.3,786.5,781.1,1.03,3795.5,60.3,89.96,3038.0,209.1,2695.6,6.11,1.8,0.0
2025-09-05 08:18:59,17460.6,9704.0,10184.3,788.8,784.7,1.64,3493.9,58.7,89.92,3028.3,202.5,2645.8,6.15,1.7,0.0
2025-09-05 08:19:00,17535.6,10144.3,9859.1,790.7,796.0,1.32,3783.1,59.6,89.89,3000.6,196.9,2698.4,5.96,1.6,0.0
2025-09-05 08:19:01,17611.1,9808.6,9753.1,781.1,784.5,1.24,3580.0,62.2,89.92,2917.3,193.3,2736.4,6.9,1.6,0.0
2025-09-05 08:19:02,17682.5,9656.9,9972.9,775.1,793.0,1.67,3667.4,62.4,89.99,3007.3,201.5,2735.2,6.26,1.5,0.0
2025-09-05 08:19:03,17755.9,9802.2,9874.4,791.1,787.9,0.6,3485.6,59.3,89.88,2933.0,201.9,2754.4,6.12,1.6,0.0
2025-09-05 08:19:04,17828.2,9608.2,9684.3,777.8,804.0,0.81,3650.0,60.4,89.9,3012.3,213.9,2830.9,6.75,1.5,0.0
2025-09-05 08:19:05,17904.2,9655.5,9905.7,790.8,789.8,1.38,3535.5,61.4,89.88,2872.4,199.0,2825.1,6.28,1.3,0.0
2025-09-05 08:19:06,17974.9,9850.7,9698.2,790.0,782.3,1.15,3393.1,59.7,89.92,3090.3,203.4,2858.7,6.55,1.3,0.0
2025-09-05 08:19:07,18043.6,9690.8,9481.0,797.1,782.8,0.97,3648.3,58.5,89.86,3117.1,216.7,2828.5,6.35,1.2,0.0
2025-09-05 08:19:08,18119.7,9708.3,10130.4,800.7,784.2,1.57,3643.6,58.8,89.92,3033.0,203.1,2843.4,6.54,1.2,0.0
2025-09-05 08:19:09,18190.2,10068.7,9725.6,791.6,791.4,1.32,3773.8,60.2,89.94,2958.4,204.4,2910.6,6.46,1.1,0.0
2025-09-05 08:19:10,18260.7,9931.1,9681.5,785.1,790.5,0.89,3693.2,59.1,89.87,2989.8,215.9,2843.1,5.56,1.1,0.0
2025-09-05 08:19:11,18339.2,9921.5,9842.6,780.8,797.3,1.04,3501.2,58.3,89.87,3058.5,200.8,2890.4,6.93,1.0,0.0
2025-09-05 08:19:12,18416.0,9874.9,9519.9,783.5,791.7,1.41,3560.4,59.8,89.85,3045.2,203.8,2898.0,6.74,0.9,0.0
2025-09-05 08:19:13,18486.5,9867.3,9554.9,789.3,791.4,1.64,3283.8,61.4,89.91,2967.0,207.4,2918.0,5.79,0.9,0.0
2025-09-05 08:19:14,18557.2,10032.6,9700.1,774.5,792.7,0.72,3485.5,61.1,89.86,3076.4,198.7,2942.8,6.68,0.9,0.0
2025-09-05 08:19:15,18630.7,9781.7,9696.6,789.5,789.6,1.27,3843.0,59.8,89.88,3049.0,188.7,2940.9,6.24,0.8,0.0
2025-09-05 08:19:16,18707.9,10100.4,9797.2,788.9,792.5,1.11,3875.1,62.8,89.89,3038.0,185.2,2979.1,6.36,0.7,0.0
2025-09-05 08:19:17,18779.0,9623.3,9975.8,793.5,796.0,0.78,3763.8,59.1,89.87,2986.9,197.8,2936.8,6.79,0.7,0.0
2025-09-05 08:19:18,18851.9,9741.6,9704.4,786.7,796.0,1.17,3695.8,60.0,89.94,3007.0,211.1,2997.3,6.67,0.6,0.0
2025-09-05 08:19:19,18924.7,9550.6,9868.8,789.7,786.6,0.82,3737.9,58.2,89.97,2966.2,209.8,2959.1,6.65,0.6,0.0
2025-09-05 08:19:20,18998.0,9726.6,9887.3,783.8,778.1,1.08,3723.0,61.2,89.82,3017.9,216.1,3046.1,7.03,0.6,0.0
2025-09-05 08:19:21,19072.6,9873.1,9600.7,785.8,784.8,1.6,3394.5,60.0,89.87,2969.1,208.9,3057.2,6.67,0.4,0.0
2025-09-05 08:19:22,19145.2,10031.7,9823.8,776.6,792.4,1.33,3521.9,57.8,89.91,3074.6,193.4,3031.0,6.02,0.4,0.0
2025-09-05 08:19:23,19217.6,9672.2,9624.7,789.9,773.0,1.4,3826.3,59.0,89.86,3009.3,185.3,3035.2,5.75,0.3,0.0
2025-09-05 08:19:24,19288.1,9785.9,9965.9,799.8,787.1,1.35,3825.6,62.6,89.88,3019.2,194.7,3066.1,6.54,0.3,0.0
2025-09-05 08:19:25,19364.3,9723.9,9862.4,790.1,793.6,1.29,3686.5,61.1,89.91,3026.0,197.2,3100.4,5.56,0.2,0.0
2025-09-05 08:19:26,19435.0,9659.4,9787.8,791.6,786.5,1.44,3605.1,60.3,89.95,3025.5,192.4,3044.4,6.07,0.1,0.0
2025-09-05 08:19:27,19511.6,9582.8,9557.3,782.1,782.6,0.92,3594.0,61.3,89.94,2925.1,209.1,3076.2,6.05,0.1,0.0
2025-09-05 08:19:28,19579.9,9795.3,9804.7,799.0,802.7,1.12,3570.5,57.9,89.89,3080.7,191.9,3157.0,5.91,0.1,0.0
2025-09-05 08:19:29,19655.3,9490.5,9654.6,783.6,800.1,1.42,3513.8,59.0,89.9,3012.6,205.7,3132.1,6.68,0.0,0.0
2025-09-05 08:19:30,19728.6,9803.8,9905.0,794.6,788.6,1.03,3365.8,58.3,89.88,2975.4,207.7,3110.1,6.28,0.0,0.0
2025-09-05 08:19:31,19799.0,9788.6,9764.7,789.8,799.7,1.1,3672.9,59.0,89.89,2951.2,182.4,3092.5,6.06,0.1,0.0
2025-09-05 08:19:32,19878.2,9673.2,9646.9,782.3,799.5,1.5,3583.9,59.6,89.85,2967.7,195.6,3167.8,6.47,0.0,0.0
2025-09-05 08:19:33,19950.7,9613.1,9942.3,796.2,782.5,1.58,3619.2,60.9,89.82,2971.7,212.4,3137.5,5.97,0.0,0.0
2025-09-05 08:19:34,20019.9,9549.7,9907.7,789.1,809.2,1.06,3904.7,61.5,89.88,3007.6,208.3,3216.2,6.57,0.0,0.0
2025-09-05 08:19:35,20095.5,10103.1,9684.1,790.3,783.9,1.01,3738.5,61.5,89.93,2957.4,201.1,3223.5,6.88,0.0,0.0
2025-09-05 08:19:36,20167.8,9556.9,9982.5,792.2,788.6,1.35,3546.9,63.9,89.92,3013.2,188.8,3303.5,6.04,0.0,0.0
2025-09-05 08:19:37,20234.9,10049.8,9734.3,788.8,782.7,1.27,3736.8,59.5,89.82,3015.2,192.8,3212.6,6.01,0.0,0.0
2025-09-05 08:19:38,20313.7,9887.0,9732.4,786.3,791.0,1.04,3428.0,60.1,89.89,2967.1,200.7,3291.4,6.5,0.0,0.0
2025-09-05 08:19:39,20386.1,9723.1,9806.0,792.3,781.2,1.35,3806.6,60.8,89.87,3133.8,212.5,3243.4,5.31,0.0,0.0
2025-09-05 08:19:40,20459.5,9588.3,9657.1,786.2,790.4,1.34,3689.8,59.0,89.9,2999.9,204.8,3263.5,5.57,0.0,0.0
2025-09-05 08:19:41,20530.2,9962.2,9709.9,789.5,798.0,1.23,3622.1,59.7,89.85,3026.0,199.0,3306.1,5.64,0.0,0.0
2025-09-05 08:19:42,20604.9,10079.0,9757.7,784.3,791.9,1.93,3735.4,60.7,89.93,3013.0,202.2,3298.9,5.4,0.0,0.0
2025-09-05 08:19:43,20678.1,9626.2,10045.1,778.6,788.5,1.54,3866.5,58.9,89.88,2997.4,207.6,3404.3,6.01,0.1,0.0
2025-09-05 08:19:44,20753.9,9734.2,10039.9,784.3,801.2,1.41,3582.0,60.8,89.91,3045.3,182.3,3354.9,6.11,0.0,0.0
2025-09-05 08:19:45,20825.3,9963.8,9741.0,785.5,784.1,1.46,3504.4,61.8,89.92,3085.8,189.9,3345.6,5.98,0.0,0.0
2025-09-05 08:19:46,20897.7,9842.1,10058.8,789.1,797.2,1.93,3964.2,58.6,89.81,3002.3,200.1,3464.5,5.96,0.0,0.0
2025-09-05 08:19:47,20973.8,10125.0,9777.6,797.3,788.3,1.48,3653.1,57.0,89.88,2957.1,211.9,3373.1,6.31,0.0,0.0
2025-09-05 08:19:48,21042.7,9688.1,9849.7,777.2,791.9,1.03,3872.3,60.2,89.95,3037.8,210.6,3402.0,6.36,0.0,0.0
2025-09-05 08:19:49,21116.1,9877.2,9935.2,789.9,790.6,1.29,3550.6,58.7,89.89,2882.5,192.0,3422.1,6.41,0.0,0.0
2025-09-05 08:19:50,21186.3,9572.3,9834.6,773.5,791.3,1.23,3706.9,60.4,89.93,3015.3,200.1,3417.2,5.88,0.0,0.0
2025-09-05 08:19:51,21266.2,10141.3,10195.6,781.7,790.0,1.07,3555.7,59.5,89.9,2995.4,192.4,3478.8,5.93,0.1,0.0
2025-09-05 08:19:52,21338.0,9660.8,9826.4,785.5,784.9,1.27,3744.7,60.6,89.87,3024.8,195.9,3513.3,6.47,0.1,0.0
2025-09-05 08:19:53,21411.0,9409.6,9581.4,773.2,786.4,1.27,3609.7,61.7,89.9,2919.3,201.3,3443.3,6.05,0.0,0.0
2025-09-05 08:19:54,21483.6,9763.6,10006.9,776.0,793.4,1.2,3551.3,61.3,89.93,2980.9,196.2,3485.2,6.39,0.1,0.0
2025-09-05 08:19:55,21555.5,9761.3,9714.9,790.1,789.6,1.09,3880.9,59.6,89.94,2946.9,194.2,3503.4,5.69,0.1,0.0
2025-09-05 08:19:56,21628.8,10110.6,9733.3,789.5,782.2,1.41,3701.1,58.5,89.94,2974.8,188.2,3483.1,5.85,0.1,0.0
2025-09-05 08:19:57,21701.0,9727.4,9276.4,788.2,785.4,0.82,3349.5,56.7,89.84,3039.5,184.0,3500.4,5.61,0.0,0.0
2025-09-05 08:19:58,21774.1,9782.9,9955.2,783.4,785.5,1.41,3615.7,57.1,89.92,2994.2,197.9,3547.1,5.83,0.1,0.0
2025-09-05 08:19:59,21847.7,9885.9,9924.1,804.1,789.9,1.21,3514.5,59.0,89.83,2971.2,201.7,3543.6,5.99,0.0,0.0
2025-09-05 08:20:00,21923.7,10054.7,9920.8,787.9,791.6,1.28,3469.7,60.3,89.88,3073.3,206.0,3599.4,5.65,0.0,0.0
2025-09-05 08:20:01,21994.8,9774.3,9951.3,783.0,791.0,0.63,3564.0,59.2,89.87,3006.0,191.6,3631.1,6.55,0.0,0.0
2025-09-05 08:20:02,22066.7,9961.7,10072.5,800.7,785.7,1.62,3579.7,59.3,89.91,2888.9,192.6,3624.1,5.23,0.0,0.0
2025-09-05 08:20:03,22138.7,9873.1,9777.2,793.3,790.4,0.79,3655.5,57.9,89.89,2945.1,212.4,3642.1,6.11,0.0,0.0
2025-09-05 08:20:04,22211.7,9734.6,9944.4,786.4,780.7,1.0,3532.7,57.8,89.93,3028.4,204.0,3615.6,5.36,0.0,0.0
2025-09-05 08:20:05,22289.2,9798.2,9658.5,797.3,770.1,1.37,3373.9,57.7,89.86,3029.8,208.6,3641.0,5.87,0.1,0.0
2025-09-05 08:20:06,22360.1,9789.9,9724.9,790.1,789.9,1.06,3570.9,61.0,89.91,3017.3,194.1,3689.2,5.46,0.0,0.0
2025-09-05 08:20:07,22432.3,9629.3,9964.6,793.5,778.7,1.11,3781.2,57.3,89.9,3019.5,192.7,3709.9,5.77,0.0,0.0
2025-09-05 08:20:08,22504.5,9991.3,9851.5,790.6,783.7,0.66,3447.5,61.0,89.88,2952.8,188.3,3702.0,5.75,0.0,0.0
2025-09-05 08:20:09,22576.1,9549.4,9558.3,781.8,781.8,1.1,3742.4,58.8,89.83,2998.8,209.7,3738.0,5.41,0.0,0.0
2025-09-05 08:20:10,22651.2,9984.1,9846.4,795.8,794.7,1.26,3718.7,60.8,89.9,2936.0,188.5,3725.6,5.24,0.0,0.0
2025-09-05 08:20:11,22726.2,9947.3,9753.9,790.1,781.8,1.38,3583.8,60.4,89.89,2956.0,182.5,3709.1,5.42,0.0,0.0
2025-09-05 08:20:12,22796.7,9769.2,9645.8,781.9,792.2,1.14,3696.4,61.1,89.91,2951.6,192.3,3773.7,5.69,0.0,0.0
2025-09-05 08:20:13,22870.1,9654.9,9858.8,783.7,786.8,1.26,3539.0,61.7,89.88,2955.6,212.4,3763.4,5.98,0.0,0.0
2025-09-05 08:20:14,22943.2,9746.5,9716.2,795.7,781.6,1.32,3590.9,59.0,89.87,2984.0,200.1,3734.6,6.27,0.0,0.0
2025-09-05 08:20:15,23016.9,9865.4,9518.0,786.4,779.2,1.05,3498.4,58.7,89.89,2990.4,202.1,3835.3,4.99,0.0,0.0
2025-09-05 08:20:16,23086.6,9911.3,9596.1,789.3,793.4,1.03,3719.6,59.4,89.89,2957.4,201.0,3834.4,5.81,0.1,0.0
2025-09-05 08:20:17,23162.4,9833.8,10085.8,793.6,792.9,1.69,3854.3,59.0,89.9,3064.9,199.3,3860.6,5.45,0.0,0.0
2025-09-05 08:20:18,23234.2,9953.7,9527.5,789.9,795.6,1.0,3549.3,61.0,89.95,2976.9,198.1,3834.5,5.62,0.1,0.0
2025-09-05 08:20:19,23310.7,9690.2,9822.9,778.3,803.0,1.51,3828.5,59.9,89.85,3090.8,185.8,3915.3,5.72,0.1,0.0
2025-09-05 08:20:20,23380.5,9824.9,9888.7,793.5,792.1,1.23,3332.6,60.0,89.95,3060.1,216.4,3895.9,5.89,0.1,0.0
2025-09-05 08:20:21,23456.3,9518.4,9893.7,795.6,792.1,1.57,3518.5,60.6,89.76,2933.3,198.3,3927.3,5.73,0.1,0.0
2025-09-05 08:20:22,23531.2,9914.8,9576.7,795.1,789.3,1.05,3499.6,59.4,89.91,3053.3,211.9,3886.7,5.56,0.0,0.0
2025-09-05 08:20:23,23600.6,9811.0,9730.3,800.3,790.9,1.34,3906.6,61.6,89.84,2922.4,184.2,3912.8,6.15,0.1,0.0
2025-09-05 08:20:24,23673.1,9714.4,9808.9,791.5,787.7,1.29,3562.2,57.5,89.95,3085.1,205.2,3981.3,5.65,0.0,0.0
2025-09-05 08:20:25,23747.8,9982.5,9921.0,794.4,783.9,1.16,3766.4,60.3,89.84,3020.9,188.0,3951.7,5.53,0.0,0.0
2025-09-05 08:20:26,23820.5,9902.6,9675.4,800.1,804.1,1.29,3344.9,60.7,89.91,2945.2,186.9,3967.9,5.96,0.0,0.0
2025-09-05 08:20:27,23891.5,9306.2,9587.2,787.0,777.1,1.02,3667.2,58.9,89.83,2876.5,202.5,4032.1,5.08,0.0,0.0
2025-09-05 08:20:28,23967.5,9791.8,9955.4,801.2,791.9,1.19,3734.6,59.1,89.83,2978.8,210.1,4035.4,5.14,0.0,0.0
2025-09-05 08:20:29,24043.7,9537.6,9972.9,801.1,793.2,1.11,3644.7,61.3,89.9,2924.2,213.4,4018.6,6.04,0.0,0.0
2025-09-05 08:20:30,24112.2,9966.3,9847.9,794.5,791.2,1.4,3244.1,59.6,89.9,3064.0,213.1,4089.9,5.4,0.0,0.0
2025-09-05 08:20:31,24185.4,10208.1,9681.5,801.9,783.4,1.19,3676.5,57.3,89.84,2930.0,197.1,3989.9,4.79,0.0,0.0
2025-09-05 08:20:32,24256.8,9696.8,9854.1,795.0,788.8,0.87,3771.1,58.1,89.96,2987.9,207.6,4052.5,5.76,0.0,0.0
2025-09-05 08:20:33,24332.6,9797.7,9803.6,782.8,786.9,1.12,3847.2,61.4,89.86,3029.0,193.8,4050.6,5.9,0.0,0.0
2025-09-05 08:20:34,24402.5,9742.3,9927.4,797.0,782.6,1.19,3709.6,58.8,89.93,3001.5,194.4,4133.6,5.14,0.0,0.0
2025-09-05 08:20:35,24475.9,9844.6,9572.7,791.3,789.8,0.99,3398.1,61.8,89.83,3015.7,202.2,4151.7,4.92,0.1,0.0
2025-09-05 08:20:36,24553.7,9894.6,9804.8,791.9,787.2,1.54,3618.9,61.9,89.83,2986.5,198.6,4096.9,5.39,0.0,0.0
2025-09-05 08:20:37,24622.4,10003.8,9758.0,790.1,786.2,1.31,3785.0,59.7,89.87,3041.8,208.3,4132.6,5.53,0.0,0.0
2025-09-05 08:20:38,24699.4,9617.1,9596.4,798.5,794.8,1.42,3527.9,60.8,89.83,2947.2,181.5,4173.9,5.16,0.1,0.0
2025-09-05 08:20:39,24773.4,10052.2,9821.7,792.9,782.6,1.02,3734.5,58.9,89.88,3033.0,211.1,4174.5,5.03,0.0,0.0
2025-09-05 08:20:40,24843.9,9626.6,9790.9,784.1,793.1,1.11,3578.6,59.4,89.78,2931.5,194.0,4180.5,5.56,0.1,0.0
2025-09-05 08:20:41,24917.6,9832.1,9715.2,792.4,785.8,1.46,3663.9,59.0,89.87,3010.4,214.5,4219.7,5.55,0.0,0.0
2025-09-05 08:20:42,24993.5,9982.0,9852.3,794.1,793.0,0.86,3763.3,60.8,89.84,2935.1,211.2,4266.2,4.74,0.0,0.0
2025-09-05 08:20:43,25062.2,9906.2,9543.8,783.9,790.5,1.3,3544.2,58.2,89.83,2988.6,188.3,4219.4,4.9,0.0,0.0
2025-09-05 08:20:44,25134.5,9625.4,9775.9,786.0,791.7,1.23,4078.1,59.8,89.87,3033.7,199.3,4192.8,5.19,0.0,0.0
2025-09-05 08:20:45,25206.1,9665.7,9858.3,786.3,783.2,1.09,3672.8,60.1,89.85,3070.8,206.6,4240.9,5.07,0.0,0.0
2025-09-05 08:20:46,25281.9,9706.4,9833.3,784.7,784.6,1.23,3701.3,60.7,89.84,2897.1,191.9,4257.9,5.38,0.1,0.0
2025-09-05 08:20:47,25357.9,9776.3,9968.0,791.4,784.0,0.95,3539.2,57.0,89.89,2956.1,192.4,4261.1,5.48,0.0,0.0
2025-09-05 08:20:48,25429.9,9980.0,9580.8,796.1,791.2,1.27,3659.4,57.5,89.87,2944.2,196.8,4311.9,5.97,0.0,0.0
2025-09-05 08:20:49,25499.2,9565.4,9528.7,802.2,795.2,0.91,3610.0,58.8,89.88,3069.2,207.2,4327.6,5.4,0.0,0.0
2025-09-05 08:20:50,25572.4,9864.3,9825.6,797.4,797.5,0.9,3431.8,59.7,89.91,2950.3,208.9,4348.0,5.6,0.0,0.0
2025-09-05 08:20:51,25646.2,9888.7,9862.4,796.2,786.5,1.55,3420.9,60.2,89.86,3040.1,195.6,4348.2,4.65,0.0,0.0
2025-09-05 08:20:52,25720.8,9879.9,10145.4,797.0,790.6,1.04,3693.0,60.3,89.89,2970.3,208.1,4355.6,4.96,0.0,0.0
2025-09-05 08:20:53,25792.9,9864.3,9889.8,798.3,778.7,0.69,3636.9,62.8,89.84,2917.3,214.5,4327.1,5.61,0.0,0.0
2025-09-05 08:20:54,25866.8,10043.1,9636.4,786.4,774.5,1.45,3256.3,60.9,89.88,3006.0,209.0,4364.5,4.65,0.0,0.0
2025-09-05 08:20:55,25940.1,9867.9,9922.0,793.9,783.9,1.02,3328.9,60.8,89.88,2934.6,192.5,4361.7,5.7,0.0,0.0
2025-09-05 08:20:56,26011.9,9930.7,9641.2,791.3,785.3,0.5,3603.8,59.3,89.84,3041.4,191.5,4416.0,5.39,0.1,0.0
2025-09-05 08:20:57,26085.5,9880.8,9532.4,788.1,779.1,1.2,3639.7,61.1,89.8,3046.9,202.7,4415.8,5.22,0.0,0.0
2025-09-05 08:20:58,26159.1,10089.8,10228.5,785.8,777.5,1.44,3741.1,60.9,89.81,3075.8,208.0,4433.1,5.11,0.1,0.0
2025-09-05 08:20:59,26231.6,9462.0,9840.4,785.5,793.7,1.3,3464.4,60.9,89.82,2941.6,204.1,4466.6,4.71,0.0,0.0
2025-09-05 08:21:00,26305.8,10003.0,9906.5,787.1,784.3,1.63,3738.7,59.8,89.88,3089.5,196.0,4453.7,4.73,0.0,0.0
2025-09-05 08:21:01,26381.6,9740.6,9880.8,780.4,778.2,1.18,3603.9,60.9,89.85,3054.8,190.6,4513.9,4.92,0.0,0.0
2025-09-05 08:21:02,26452.1,9737.3,10093.1,792.7,806.1,1.36,3574.0,62.1,89.84,2896.9,212.5,4527.8,4.95,0.0,0.0
2025-09-05 08:21:03,26524.1,9620.2,9833.3,788.8,791.1,0.96,3628.8,58.9,89.87,3126.2,198.4,4475.8,5.57,0.0,0.0
2025-09-05 08:21:04,26593.7,9467.3,9992.0,789.7,787.7,1.25,3797.8,57.0,89.88,3095.8,218.4,4565.8,4.7,0.0,0.0
2025-09-05 08:21:05,26670.9,9720.1,9610.4,791.4,794.6,1.59,3733.6,61.1,89.91,2940.0,188.4,4525.3,4.84,0.0,0.0
2025-09-05 08:21:06,26739.3,9668.2,9548.3,794.1,784.6,1.34,3783.3,61.0,89.83,3018.2,196.6,4526.9,4.41,0.0,0.0
2025-09-05 08:21:07,26813.5,9869.0,10027.5,784.9,801.0,1.25,3546.9,59.7,89.87,2922.6,193.5,4555.2,5.12,0.0,0.0
2025-09-05 08:21:08,26891.1,9534.7,10035.7,788.3,779.1,0.73,3607.4,59.4,89.88,2991.7,218.2,4537.9,5.04,0.0,0.0
2025-09-05 08:21:09,26963.8,10028.4,9871.8,777.7,780.7,1.12,3475.6,63.8,89.81,3010.0,212.2,4606.3,5.45,0.0,0.0
2025-09-05 08:21:10,27035.2,9831.2,9823.4,773.5,788.9,0.89,3567.0,59.3,89.86,3034.8,195.0,4649.8,5.75,0.0,0.0
2025-09-05 08:21:11,27105.1,9742.9,9813.3,775.4,784.5,1.4,3590.5,58.3,89.81,2952.2,180.7,4573.5,5.21,0.0,0.0
2025-09-05 08:21:12,27180.9,9664.4,9668.0,799.8,799.7,1.03,3580.2,59.3,89.84,2997.8,211.4,4652.9,4.67,0.1,0.0
2025-09-05 08:21:13,27253.3,9651.2,10046.6,776.2,778.7,1.3,3757.0,60.7,89.87,2946.0,201.2,4672.7,5.07,0.0,0.0
2025-09-05 08:21:14,27329.0,9592.9,9897.0,792.3,784.7,0.97,3713.8,59.1,89.78,3021.3,188.7,4689.9,5.08,0.0,0.0
2025-09-05 08:21:15,27405.4,9692.5,9871.0,799.3,791.5,1.68,3763.9,59.4,89.81,3037.4,185.0,4704.0,4.94,0.0,0.0
2025-09-05 08:21:16,27474.3,9786.0,9848.9,785.8,793.8,0.92,3669.2,60.4,89.82,3003.5,203.9,4711.6,4.54,0.0,0.0
2025-09-05 08:21:17,27545.4,9754.8,9963.1,800.4,796.8,1.25,3810.9,59.4,89.85,3065.1,197.9,4696.2,5.07,0.0,0.0
2025-09-05 08:21:18,27617.7,9544.5,9870.9,801.9,792.2,1.86,3667.1,60.2,89.82,3042.6,201.3,4756.0,4.47,0.0,0.0
2025-09-05 08:21:19,27693.0,9739.8,9911.7,795.6,805.2,1.26,3794.8,59.9,89.86,3020.6,203.8,4752.0,4.89,0.0,0.0
2025-09-05 08:21:20,27765.8,9633.2,9586.3,805.6,786.5,1.0,3725.4,58.5,89.81,3065.8,196.2,4782.1,4.79,0.0,0.0
2025-09-05 08:21:21,27836.9,9812.2,9871.7,793.4,791.0,1.36,3760.3,60.1,89.83,2928.1,197.2,4780.5,3.92,0.0,0.0
2025-09-05 08:21:22,27912.6,10102.0,10156.8,783.9,795.8,1.46,3640.0,58.4,89.87,2997.2,206.5,4776.0,5.12,0.1,0.0
2025-09-05 08:21:23,27983.1,9891.3,9696.9,792.7,787.6,1.43,3464.2,61.3,89.86,2897.8,198.8,4797.8,5.68,0.0,0.0
2025-09-05 08:21:24,28060.7,9731.8,9763.1,785.9,787.7,0.73,3433.3,58.7,89.85,2998.3,197.2,4834.2,4.72,0.0,0.0
2025-09-05 08:21:25,28133.6,9508.8,9936.6,779.9,786.5,1.27,3943.6,59.6,89.84,2972.4,206.3,4863.1,4.62,0.0,0.0
2025-09-05 08:21:26,28206.8,9544.5,9947.7,780.1,785.3,0.69,3708.2,57.4,89.88,3046.7,180.3,4779.4,5.19,0.0,0.0
2025-09-05 08:21:27,28276.7,9498.3,9891.2,805.2,781.9,1.68,3716.5,59.4,89.9,2974.0,212.3,4815.1,4.33,0.0,0.0
2025-09-05 08:21:28,28351.8,9908.4,9510.0,785.2,785.9,1.23,3625.0,58.2,89.83,2962.6,204.4,4817.9,4.82,0.0,0.0
2025-09-05 08:21:29,28423.5,9654.9,9870.3,788.9,778.9,1.1,3581.2,62.1,89.81,2993.9,192.3,4869.2,4.9,0.1,0.0
2025-09-05 08:21:30,28496.1,9795.6,9583.8,784.4,792.4,1.38,4080.8,59.8,89.8,2991.7,198.2,4879.2,4.58,0.0,0.0
2025-09-05 08:21:31,28569.3,9679.3,9644.8,790.0,778.6,1.33,3482.0,60.7,89.91,3028.8,212.1,4922.7,4.76,0.0,0.0
2025-09-05 08:21:32,28640.4,9800.5,9878.2,787.4,804.1,0.92,3640.6,57.5,89.81,2949.2,205.4,4920.5,4.45,0.0,0.0
2025-09-05 08:21:33,28713.2,10023.3,9734.7,786.2,801.6,1.61,3642.3,58.3,89.79,2913.3,182.3,4989.6,4.54,0.0,0.0
2025-09-05 08:21:34,28790.7,9668.6,9922.6,780.6,797.4,1.15,3480.4,59.7,89.85,2908.1,189.9,4939.3,5.0,0.0,0.0
2025-09-05 08:21:35,28861.8,9727.0,10320.2,779.2,788.2,0.78,3459.2,58.1,89.88,3065.3,201.8,4950.8,4.41,0.0,0.0
2025-09-05 08:21:36,28935.7,9647.9,9917.1,783.9,785.6,1.56,3544.5,61.6,89.79,2927.0,217.7,4961.6,4.51,0.0,0.0
2025-09-05 08:21:37,29010.4,9933.7,9907.9,791.1,798.2,1.59,3598.4,59.4,89.83,2972.7,207.5,4993.6,4.45,0.0,0.0
2025-09-05 08:21:38,29078.0,9610.6,9632.7,803.6,791.0,1.52,3577.2,60.2,89.78,2936.0,198.0,5023.6,4.9,0.1,0.0
2025-09-05 08:21:39,29152.9,9592.4,9675.7,796.5,793.6,1.35,3772.0,60.4,89.81,3049.8,205.7,5016.7,4.55,0.0,0.0
2025-09-05 08:21:40,29227.9,9549.1,9604.2,801.9,784.7,0.99,3473.2,59.8,89.9,2967.0,200.1,5016.6,4.36,0.0,0.0
2025-09-05 08:21:41,29301.4,9545.6,9694.5,792.5,797.1,1.44,3710.7,61.0,89.84,3069.7,197.0,5016.5,4.8,0.0,0.0
2025-09-05 08:21:42,29372.9,9865.1,9599.4,788.5,784.1,1.67,3870.3,59.0,89.83,2958.9,203.8,5082.6,3.9,0.1,0.0
2025-09-05 08:21:43,29448.8,10221.8,9672.9,779.8,790.4,1.41,3783.9,60.5,89.84,3016.4,178.8,5072.9,3.93,0.1,0.0
2025-09-05 08:21:44,29520.3,9615.8,9749.5,789.1,777.6,1.61,3479.1,61.6,89.85,3042.8,210.0,5073.0,4.75,0.1,0.0
2025-09-05 08:21:45,29590.5,9946.8,9614.9,774.1,785.1,1.02,3207.0,60.3,89.83,3054.8,205.3,5111.3,5.33,0.0,0.0
2025-09-05 08:21:46,29664.1,9827.7,9543.8,787.0,793.2,1.46,3776.8,60.1,89.79,2930.9,195.6,5145.9,4.43,0.0,0.0
2025-09-05 08:21:47,29740.7,9597.7,9553.6,800.5,786.5,1.44,3724.5,59.5,89.79,2978.3,191.5,5217.7,4.73,0.0,0.0
2025-09-05 08:21:48,29813.0,9738.0,9862.2,791.4,786.6,0.84,3562.2,60.0,89.91,2994.8,188.0,5218.2,4.07,0.0,0.0
2025-09-05 08:21:49,29881.4,9745.4,9795.2,797.0,795.2,0.81,3842.1,60.9,89.8,2894.5,202.7,5149.1,4.63,0.0,0.0
2025-09-05 08:21:50,29960.9,9667.6,9959.4,786.5,789.2,1.03,3589.3,59.6,89.88,3040.3,201.5,5178.3,4.64,0.0,0.0
2025-09-05 08:21:51,30032.5,10113.2,9962.6,779.5,798.3,1.23,3666.2,57.6,89.8,3021.8,201.7,5142.8,4.78,0.0,0.0
2025-09-05 08:21:52,30107.1,9461.0,9727.1,785.8,772.8,1.32,3494.3,60.2,89.88,3028.7,217.0,5157.2,4.27,0.0,0.0
2025-09-05 08:21:53,30176.7,9849.8,9898.9,786.4,793.6,1.16,3697.9,59.8,89.86,2919.6,178.2,5175.6,5.27,0.0,0.0
2025-09-05 08:21:54,30249.9,9841.4,9540.1,797.6,793.2,1.2,3585.5,60.6,89.82,3010.1,192.8,5282.0,4.16,0.0,0.0
2025-09-05 08:21:55,30321.3,9686.5,10173.1,803.0,778.9,1.18,3574.5,60.0,89.91,3024.6,192.3,5261.1,5.09,0.0,0.0
2025-09-05 08:21:56,30401.7,9810.4,9988.2,784.0,780.6,1.23,3812.0,62.1,89.79,3058.6,209.4,5231.9,4.1,0.0,0.0
2025-09-05 08:21:57,30469.4,9934.2,9748.4,786.6,795.8,1.36,3682.2,58.3,89.82,2969.6,197.5,5273.0,4.79,0.1,0.0
2025-09-05 08:21:58,30546.0,9811.0,9587.3,788.1,782.2,1.34,3425.7,58.6,89.8,3038.4,190.6,5293.3,4.99,0.0,0.0
2025-09-05 08:21:59,30614.6,9855.9,9849.6,786.7,785.2,1.2,3753.7,60.9,89.8,3112.2,202.1,5302.6,5.29,0.0,0.0
2025-09-05 08:22:00,30689.3,9902.8,9467.1,780.5,793.8,1.28,3775.5,58.5,89.81,2974.6,204.0,5388.0,4.41,0.0,0.0
2025-09-05 08:22:01,30758.7,9439.6,9652.5,789.8,787.3,1.1,3525.2,60.4,89.79,2976.0,216.0,5289.5,3.82,0.0,0.0
2025-09-05 08:22:02,30834.3,10036.3,9912.3,791.7,793.0,1.41,3591.1,59.9,89.81,2981.0,202.5,5353.2,4.75,0.0,0.0
2025-09-05 08:22:03,30910.1,10172.3,9797.8,791.9,783.6,1.09,3658.1,57.3,89.89,2914.0,195.6,5391.1,4.16,0.1,0.0
2025-09-05 08:22:04,30978.7,9951.7,9701.5,780.7,791.7,1.62,3612.6,60.9,89.76,2978.8,195.0,5413.6,4.01,0.0,0.0
2025-09-05 08:22:05,31056.4,9957.3,9946.6,788.4,797.2,1.21,3668.6,61.9,89.78,3092.9,191.9,5339.7,4.18,0.0,0.0
2025-09-05 08:22:06,31128.0,9545.6,9608.4,777.0,791.9,1.28,3747.5,60.2,89.79,2946.4,204.8,5433.0,4.05,0.1,0.0
2025-09-05 08:22:07,31198.3,9764.9,9833.4,795.6,774.3,1.02,3576.2,58.0,89.81,2988.6,208.1,5399.4,4.67,0.0,0.0
2025-09-05 08:22:08,31272.5,9647.0,9700.4,782.0,794.2,1.13,3962.1,61.0,89.87,3068.3,197.8,5436.7,4.44,0.1,0.0
2025-09-05 08:22:09,31345.6,9685.2,9640.9,787.3,790.0,1.25,3543.2,58.5,89.85,3032.2,198.7,5417.6,4.62,0.0,0.0
2025-09-05 08:22:10,31419.5,9949.4,9863.8,786.0,783.3,1.22,3569.2,59.8,89.84,3012.8,213.7,5510.9,4.67,0.0,0.0
2025-09-05 08:22:11,31491.6,9648.3,9616.2,785.1,799.3,1.06,3945.3,60.5,89.83,2980.6,201.0,5603.5,4.19,0.0,0.0
2025-09-05 08:22:12,31564.1,9762.9,10108.3,781.8,777.5,0.93,4007.7,58.9,89.92,2993.2,204.9,5548.1,4.59,0.0,0.0
2025-09-05 08:22:13,31638.2,9460.5,9685.6,776.8,802.7,1.22,3655.6,57.6,89.78,3000.4,189.2,5519.1,4.77,0.0,0.0
2025-09-05 08:22:14,31709.8,9758.1,10123.3,801.3,785.2,1.25,3621.9,59.8,89.78,3039.2,194.0,5485.2,5.01,0.0,0.0
2025-09-05 08:22:15,31782.4,9800.3,9599.0,791.0,800.6,1.35,3489.1,59.9,89.82,3004.3,178.8,5587.3,4.35,0.0,0.0
2025-09-05 08:22:16,31857.9,9665.2,9888.0,791.1,789.3,1.52,3821.4,58.8,89.83,3053.8,186.4,5612.8,4.18,0.0,0.0
2025-09-05 08:22:17,31932.9,9662.6,9581.1,803.9,780.4,1.14,3676.0,58.9,89.81,2892.9,203.7,5550.8,3.92,0.0,0.0
2025-09-05 08:22:18,32001.1,10105.7,9557.0,788.5,790.3,0.72,3523.1,61.0,89.79,3046.9,212.4,5633.5,4.11,0.0,0.0
2025-09-05 08:22:19,32077.3,9579.3,9812.1,793.1,791.9,1.18,3710.9,59.8,89.77,2969.5,197.4,5557.0,4.25,0.0,0.0
2025-09-05 08:22:20,32149.0,9606.4,9900.2,789.4,793.4,0.76,3855.6,59.3,89.81,3000.6,188.2,5588.8,4.33,0.1,0.0
2025-09-05 08:22:21,32221.4,9647.5,9568.4,797.5,797.0,0.89,3752.9,59.1,89.79,2975.6,200.9,5650.8,3.71,0.0,0.0
2025-09-05 08:22:22,32298.2,9988.8,9986.3,792.7,783.4,1.47,3981.2,60.2,89.8,3036.7,211.4,5614.1,4.06,0.0,0.0
2025-09-05 08:22:23,32368.5,10142.3,9649.4,791.4,793.1,1.35,3823.9,60.1,89.78,2993.1,198.4,5700.4,4.13,0.0,0.0
2025-09-05 08:22:24,32445.6,9841.5,9807.3,787.4,794.8,1.05,3716.1,59.7,89.87,3035.8,209.1,5737.5,3.97,0.0,0.0
2025-09-05 08:22:25,32514.1,9663.1,9849.6,791.2,787.7,1.06,3645.1,58.0,89.84,2953.8,199.4,5706.6,3.95,0.0,0.0
2025-09-05 08:22:26,32589.5,9712.3,9886.1,797.4,783.1,1.19,3732.5,59.4,89.89,3010.8,187.8,5735.6,4.3,0.0,0.0
2025-09-05 08:22:27,32661.3,9966.0,9479.4,774.7,783.0,0.78,3832.6,59.1,89.8,3070.3,191.0,5787.2,3.79,0.0,0.0
2025-09-05 08:22:28,32733.4,9630.1,10060.2,788.3,794.8,1.33,3778.8,60.0,89.82,3063.9,197.5,5765.7,4.32,0.0,0.0
2025-09-05 08:22:29,32809.1,10032.0,9880.5,786.3,795.2,1.13,3808.2,61.5,89.81,2979.6,222.6,5806.8,3.73,0.0,0.0
2025-09-05 08:22:30,32880.7,10025.8,9712.6,787.1,783.8,1.67,3683.4,61.3,89.82,3008.2,205.8,5825.7,4.2,0.0,0.0
2025-09-05 08:22:31,32955.3,9796.9,9610.9,775.4,780.3,0.95,3765.0,60.8,89.8,2978.8,197.6,5757.6,3.69,0.0,0.0
2025-09-05 08:22:32,33027.0,9894.8,9497.0,794.3,798.3,1.46,3832.3,60.1,89.81,2993.2,202.9,5880.2,4.55,0.0,0.0
2025-09-05 08:22:33,33098.0,9912.5,9553.6,783.3,778.8,1.04,3625.2,59.5,89.74,3001.0,202.1,5861.4,4.37,0.1,0.0
2025-09-05 08:22:34,33173.1,10049.2,9877.6,787.6,790.7,1.47,3455.6,60.4,89.8,3069.4,195.6,5841.7,4.59,0.1,0.0
2025-09-05 08:22:35,33246.5,9606.3,9727.0,785.7,784.0,0.97,3908.9,59.3,89.84,3033.4,199.0,5878.8,3.75,0.0,0.0
2025-09-05 08:22:36,33321.3,9985.8,9592.6,777.5,777.4,1.4,3737.5,59.5,89.73,3083.6,197.5,5876.6,3.56,0.1,0.0
2025-09-05 08:22:37,33390.7,9721.2,9695.4,786.1,790.5,1.1,3584.1,58.8,89.8,3088.1,207.4,5888.4,3.54,0.0,0.0
2025-09-05 08:22:38,33465.5,9654.5,10050.9,776.3,788.3,1.01,3685.1,59.9,89.83,2927.6,215.5,5862.1,3.95,0.0,0.0
2025-09-05 08:22:39,33535.2,9802.5,9728.8,782.6,799.6,1.18,3612.9,59.8,89.86,3017.8,213.2,5896.6,4.42,0.1,0.0
2025-09-05 08:22:40,33613.0,9748.6,9685.6,787.0,805.4,1.33,3394.2,62.5,89.81,2974.6,196.9,5913.5,4.28,0.0,0.0
2025-09-05 08:22:41,33682.6,9617.1,10014.6,789.2,788.3,1.31,3622.5,60.7,89.83,2907.6,205.5,5975.5,4.25,0.0,0.0
2025-09-05 08:22:42,33754.2,9513.5,9863.5,789.6,796.8,1.61,3436.4,59.4,89.88,2938.3,192.8,5969.9,3.52,0.0,0.0
2025-09-05 08:22:43,33830.8,9624.8,9792.5,788.3,796.9,1.42,3680.4,61.0,89.86,2971.4,189.2,5982.1,4.39,0.0,0.0
2025-09-05 08:22:44,33906.2,10031.9,9681.7,804.2,786.0,0.56,3633.6,59.3,89.79,3095.8,200.8,5979.4,4.24,0.0,0.0
2025-09-05 08:22:45,33974.0,10118.6,9521.1,792.3,783.6,1.11,3820.0,61.3,89.78,3005.1,206.1,6039.9,3.75,0.0,0.0
2025-09-05 08:22:46,34047.9,9895.5,9586.0,780.7,800.8,0.72,3632.0,61.0,89.85,2989.5,199.4,5930.9,2.98,0.0,0.0
2025-09-05 08:22:47,34121.7,9986.6,9703.3,784.9,787.1,1.12,3706.1,63.9,89.82,2998.5,208.2,5996.7,3.63,0.0,0.0
2025-09-05 08:22:48,34194.0,9697.1,9747.7,784.6,789.4,1.37,3605.2,58.5,89.79,2957.3,208.2,6073.4,3.87,0.0,0.0
2025-09-05 08:22:49,34270.1,9771.9,9845.6,788.0,787.6,0.88,3593.0,59.9,89.8,3010.1,207.5,6042.5,4.51,0.0,0.0
2025-09-05 08:22:50,34340.8,9833.1,9878.8,785.0,788.7,0.92,3440.4,59.8,89.82,2995.0,198.5,6092.3,3.98,0.0,0.0
2025-09-05 08:22:51,34414.0,9601.2,9822.9,783.2,785.4,1.25,3798.6,60.4,89.8,2907.0,186.5,6138.4,3.86,0.0,0.0
2025-09-05 08:22:52,34489.7,9616.7,9822.5,800.8,794.8,1.14,3675.6,60.9,89.79,2969.9,217.9,6126.9,4.48,0.0,0.0
2025-09-05 08:22:53,34560.1,9801.5,9613.7,789.5,798.4,1.61,3562.6,58.6,89.79,3192.1,195.3,6065.7,4.45,0.1,0.0
2025-09-05 08:22:54,34635.5,9730.5,9418.7,786.9,787.0,1.29,3681.3,59.0,89.74,3036.3,207.3,6121.9,4.0,0.0,0.0
2025-09-05 08:22:55,34705.8,9604.2,9696.5,787.5,780.0,1.35,3587.8,60.4,89.87,2994.7,204.8,6105.7,4.08,0.0,0.0
2025-09-05 08:22:56,34778.4,9850.7,9622.8,787.7,790.0,1.65,3541.4,61.3,89.85,3038.3,196.6,6174.4,4.31,0.1,0.0
2025-09-05 08:22:57,34850.2,9740.2,9674.1,799.0,779.2,1.09,3687.4,58.4,89.86,2944.8,218.1,6207.8,3.55,0.0,0.0
2025-09-05 08:22:58,34930.7,9958.6,9738.3,792.6,785.2,1.21,3832.3,57.8,89.8,3005.4,206.7,6179.9,3.96,0.0,0.0
2025-09-05 08:22:59,34999.4,9784.1,9573.6,797.1,798.2,0.97,3609.6,61.5,89.81,3050.4,199.9,6219.5,3.64,0.0,0.0
2025-09-05 08:23:00,35006.8,8905.6,8890.6,757.9,748.8,1.28,2600.1,61.1,89.82,2908.7,195.9,6210.2,2.31,0.0,0.0
2025-09-05 08:23:01,34999.1,8991.5,9088.2,751.1,750.1,1.47,2628.3,61.4,89.83,2958.4,190.4,6294.9,2.59,0.0,0.0
2025-09-05 08:23:02,35004.5,9009.8,8954.6,746.1,754.0,1.56,2712.6,58.6,89.73,2977.5,187.5,6249.2,2.71,0.0,0.0
2025-09-05 08:23:03,35001.4,8944.2,9033.0,752.5,749.2,1.21,2621.1,59.7,89.81,2984.2,205.7,6266.1,2.85,0.1,0.0
2025-09-05 08:23:04,35053.4,9042.4,9035.4,742.0,756.0,1.04,2690.9,60.3,89.76,2971.2,195.7,6290.8,2.65,0.0,0.0
2025-09-05 08:23:05,34970.9,8981.3,8931.8,747.4,755.9,1.02,2640.8,60.5,89.8,3015.9,195.5,6320.2,2.72,0.0,0.0
2025-09-05 08:23:06,34956.4,8913.3,8949.7,755.1,754.7,0.87,2674.9,59.8,89.77,3058.4,205.0,6320.9,2.46,0.0,0.0
2025-09-05 08:23:07,34971.7,9003.5,8823.8,752.4,755.5,1.24,2645.1,59.9,89.87,3020.0,196.6,6309.3,2.21,0.0,0.0
2025-09-05 08:23:08,34962.6,9160.0,8922.1,745.0,752.1,1.55,2593.5,61.3,89.82,3058.7,206.5,6324.4,2.38,0.0,0.0
2025-09-05 08:23:09,35020.9,8942.6,8846.8,744.0,749.0,0.62,2634.1,59.4,89.8,3059.9,193.7,6351.8,2.58,0.0,0.0
2025-09-05 08:23:10,35023.0,9099.1,9037.2,752.8,753.1,0.67,2722.3,59.2,89.85,2966.4,194.9,6366.6,2.39,0.0,0.0
2025-09-05 08:23:11,34973.1,9117.1,9005.2,749.6,754.2,1.56,2643.6,59.4,89.79,3015.9,209.1,6346.1,2.86,0.0,0.0
2025-09-05 08:23:12,34961.1,9127.3,9077.7,747.7,751.7,0.81,2667.8,59.3,89.77,2979.1,193.3,6350.8,2.73,0.0,0.0
2025-09-05 08:23:13,34990.1,8930.1,9030.3,751.2,750.1,1.3,2636.1,60.1,89.79,3037.8,206.1,6373.5,2.46,0.0,0.0
2025-09-05 08:23:14,35039.0,9171.3,8946.0,747.8,745.5,0.9,2643.1,59.7,89.78,2980.5,205.0,6408.0,2.83,0.0,0.0
2025-09-05 08:23:15,34921.1,9009.9,9029.4,743.1,753.2,1.41,2658.8,59.4,89.8,2989.9,200.1,6388.4,2.62,0.0,0.0
2025-09-05 08:23:16,35014.7,8978.4,8966.8,752.6,752.1,1.41,2663.9,61.9,89.83,3097.0,183.6,6378.1,2.81,0.0,0.0
2025-09-05 08:23:17,34969.9,8980.4,9051.8,747.5,746.4,1.26,2724.9,60.4,89.79,2990.3,187.1,6413.4,2.47,0.0,0.0
2025-09-05 08:23:18,35029.1,9051.1,9026.8,746.3,751.2,1.42,2646.5,59.5,89.79,2911.8,189.2,6418.7,2.65,0.0,0.0
2025-09-05 08:23:19,34969.8,9004.3,8916.0,745.2,753.4,1.23,2640.5,61.7,89.83,3007.3,187.3,6465.2,2.46,0.0,0.0
2025-09-05 08:23:20,34992.0,8985.0,9000.2,750.7,750.5,1.36,2623.5,59.2,89.8,3017.3,208.5,6437.9,2.5,0.0,0.0
2025-09-05 08:23:21,34957.8,9109.1,9004.7,747.0,753.6,1.67,2600.6,60.0,89.83,2971.7,191.4,6451.1,2.72,0.1,0.0
2025-09-05 08:23:22,34972.6,8938.6,8973.8,752.0,753.5,1.49,2590.0,59.8,89.8,3004.5,187.7,6536.5,2.87,0.0,0.0
2025-09-05 08:23:23,35038.8,8911.3,9076.1,748.9,745.8,1.05,2669.4,59.2,89.74,3058.5,195.0,6498.7,2.52,0.0,0.0
2025-09-05 08:23:24,35023.0,9067.4,9145.6,753.6,749.9,1.02,2580.9,59.4,89.75,2971.1,199.0,6462.5,2.56,0.0,0.0
2025-09-05 08:23:25,34988.8,9059.8,8968.7,748.5,752.6,1.16,2695.1,60.1,89.72,2989.9,183.5,6542.3,2.33,0.1,0.0
2025-09-05 08:23:26,34975.6,9093.0,8970.2,747.5,754.1,1.16,2675.8,58.0,89.83,2960.3,206.0,6499.0,2.46,0.1,0.0
2025-09-05 08:23:27,34947.0,8908.9,8808.9,742.9,755.8,1.23,2635.2,59.4,89.81,3019.3,207.2,6492.8,2.6,0.0,0.0
2025-09-05 08:23:28,34989.0,9091.9,8989.0,746.0,744.3,1.07,2605.0,60.3,89.77,2993.5,194.1,6549.9,2.26,0.0,0.0
2025-09-05 08:23:29,34999.1,9041.0,8962.9,752.3,750.7,1.38,2646.2,60.3,89.75,2948.2,208.0,6490.0,2.42,0.0,0.0
2025-09-05 08:23:30,34997.6,9149.8,8816.3,760.4,753.4,1.23,2645.8,60.4,89.8,2991.8,184.6,6543.1,2.29,0.1,0.0
2025-09-05 08:23:31,34997.4,8893.9,9024.5,745.4,755.1,1.31,2684.3,63.1,89.78,3104.4,194.5,6572.1,2.54,0.0,0.0
2025-09-05 08:23:32,34968.6,9018.6,9050.2,746.2,756.7,1.22,2618.8,60.8,89.8,2903.9,198.4,6586.2,2.67,0.0,0.0
2025-09-05 08:23:33,34998.1,8976.4,8937.6,751.0,747.7,1.37,2631.4,59.8,89.75,2922.1,200.7,6551.7,2.57,0.0,0.0
2025-09-05 08:23:34,34998.9,8864.9,8968.3,751.5,749.6,0.92,2642.6,59.8,89.74,3019.8,211.3,6560.4,2.45,0.1,0.0
2025-09-05 08:23:35,35036.1,8939.2,8917.8,747.4,747.3,1.61,2634.6,59.9,89.85,2922.0,196.7,6582.0,2.31,0.0,0.0
2025-09-05 08:23:36,35052.3,9095.8,9064.8,750.1,753.7,1.3,2622.2,60.5,89.75,3111.4,190.0,6632.7,2.19,0.0,0.0
2025-09-05 08:23:37,34996.2,8960.1,8871.0,744.2,746.3,1.33,2583.9,59.6,89.78,2916.2,202.1,6540.2,2.5,0.0,0.0
2025-09-05 08:23:38,34978.5,8938.6,8973.4,748.8,755.0,1.37,2586.4,62.0,89.84,2926.7,201.5,6634.1,2.79,0.0,0.0
2025-09-05 08:23:39,34998.2,9073.8,9165.8,752.9,754.1,1.49,2619.9,58.5,89.71,2971.6,204.4,6623.9,2.45,0.0,0.0
2025-09-05 08:23:40,34983.0,9084.1,9004.4,755.5,752.6,1.4,2635.6,60.8,89.81,3061.9,196.7,6666.3,2.49,0.0,0.0
2025-09-05 08:23:41,34979.2,9083.9,9039.8,749.2,743.4,1.28,2678.2,60.6,89.79,3046.2,201.7,6590.4,2.42,0.0,0.0
2025-09-05 08:23:42,34998.4,8932.9,8987.5,748.9,748.6,1.17,2723.9,58.4,89.78,3033.0,194.4,6672.6,2.29,0.0,0.0
2025-09-05 08:23:43,34970.8,8995.1,8900.2,751.4,753.5,0.81,2702.9,60.8,89.79,3017.6,205.5,6612.0,2.7,0.0,0.0
2025-09-05 08:23:44,35017.0,9087.6,8997.2,753.7,746.0,1.27,2656.6,60.7,89.73,3074.4,193.5,6657.3,2.64,0.0,0.0
2025-09-05 08:23:45,34997.1,8944.2,9034.6,751.5,750.1,1.14,2708.3,59.1,89.69,2897.7,193.9,6640.7,2.22,0.0,0.0
2025-09-05 08:23:46,35007.0,8936.3,8913.1,747.2,750.5,1.14,2638.4,63.0,89.86,3016.4,211.5,6578.4,2.26,0.1,0.0
2025-09-05 08:23:47,34994.9,9070.4,9029.0,751.0,754.0,1.82,2623.8,60.9,89.77,3081.8,192.5,6664.1,2.76,0.0,0.0
2025-09-05 08:23:48,34979.6,9132.8,9105.8,753.2,751.9,0.75,2723.1,59.5,89.81,2940.3,200.0,6685.1,2.33,0.0,0.0
2025-09-05 08:23:49,34973.5,8902.1,9090.9,747.3,751.8,1.23,2604.6,59.3,89.82,3018.9,205.6,6706.5,2.49,0.0,0.0
2025-09-05 08:23:50,34993.4,8779.2,8865.5,745.2,749.4,1.52,2627.3,59.0,89.79,3070.1,196.9,6662.7,2.3,0.1,0.0
2025-09-05 08:23:51,34984.6,8876.7,8917.1,751.6,750.9,1.46,2632.4,60.3,89.8,3071.6,208.9,6650.5,2.56,0.0,0.0
2025-09-05 08:23:52,35006.5,8913.9,8862.8,751.1,750.4,1.53,2692.5,60.0,89.81,2993.1,194.3,6718.4,2.35,0.0,0.0
2025-09-05 08:23:53,34999.9,8988.3,9091.0,753.2,753.4,0.9,2620.5,58.1,89.84,3106.2,210.0,6688.6,2.39,0.0,0.0
2025-09-05 08:23:54,34961.9,9052.3,9051.9,750.1,750.3,0.98,2668.5,58.6,89.8,3029.4,184.6,6740.4,2.29,0.0,0.0
2025-09-05 08:23:55,35001.9,8987.5,9059.8,747.6,754.5,1.37,2626.7,59.0,89.83,3061.5,186.7,6758.3,2.86,0.0,0.0
2025-09-05 08:23:56,34962.4,8940.5,8925.3,748.3,745.0,1.15,2598.0,59.4,89.76,2940.2,200.6,6708.4,3.0,0.1,0.0
2025-09-05 08:23:57,34982.7,9013.0,8900.8,746.2,755.0,1.65,2648.9,59.5,89.76,2958.1,214.1,6715.5,2.54,0.0,0.0
2025-09-05 08:23:58,34991.8,8918.2,9006.5,746.5,750.3,1.28,2646.3,59.1,89.78,2957.8,215.9,6702.2,2.63,0.0,0.0
2025-09-05 08:23:59,34941.9,8996.0,9008.6,747.9,754.8,1.27,2599.8,60.8,89.79,3100.8,191.5,6663.5,2.61,0.0,0.0
2025-09-05 08:24:00,35002.6,8945.5,8927.4,748.1,751.2,1.33,2609.8,61.2,89.8,2868.8,199.7,6735.5,2.5,0.1,0.0
2025-09-05 08:24:01,35004.2,9227.8,9012.1,753.7,753.8,1.15,2612.2,60.0,89.85,2896.9,195.1,6764.7,2.48,0.0,0.0
2025-09-05 08:24:02,34995.6,9069.4,9054.8,745.5,756.1,1.25,2673.5,57.0,89.81,3046.0,178.9,6780.5,2.43,0.0,0.0
2025-09-05 08:24:03,34988.1,8929.0,9019.4,749.7,749.0,1.05,2655.8,59.7,89.78,3009.1,207.1,6749.1,2.65,0.0,0.0
2025-09-05 08:24:04,34989.5,8915.3,8911.7,747.8,751.2,1.21,2647.8,60.7,89.85,2833.4,196.3,6815.7,2.27,0.0,0.0
2025-09-05 08:24:05,34972.7,8962.8,8820.4,755.0,750.3,1.1,2656.5,59.8,89.78,2978.4,213.5,6741.2,2.34,0.0,0.0
2025-09-05 08:24:06,34992.4,8860.2,8978.0,750.7,751.6,1.28,2622.5,60.3,89.79,2983.5,202.7,6762.2,2.64,0.0,0.0
2025-09-05 08:24:07,34984.5,8937.9,9014.0,748.5,745.3,0.87,2655.7,60.1,89.79,3069.2,194.8,6749.1,2.23,0.1,0.0
2025-09-05 08:24:08,35002.6,8937.3,8977.9,752.7,750.3,0.85,2617.7,58.0,89.76,2892.7,193.2,6756.7,2.81,0.1,0.0
2025-09-05 08:24:09,34966.3,9075.1,8963.6,750.1,750.0,1.34,2592.0,56.6,89.73,2970.9,198.1,6766.2,2.45,0.0,0.0
2025-09-05 08:24:10,35006.6,8963.7,8941.2,748.2,748.2,1.28,2613.9,60.8,89.77,3061.1,204.4,6756.6,2.54,0.0,0.0
2025-09-05 08:24:11,35004.0,8932.8,9060.8,755.2,750.2,0.98,2645.7,59.3,89.76,3044.0,195.2,6769.5,2.76,0.0,0.0
2025-09-05 08:24:12,34996.0,8886.1,8995.5,752.3,745.6,1.16,2641.3,60.5,89.73,2948.9,227.6,6796.8,2.49,0.0,0.0
2025-09-05 08:24:13,34987.7,8900.0,9010.5,755.8,755.7,0.96,2675.0,59.5,89.77,2984.7,202.0,6794.8,2.53,0.0,0.0
2025-09-05 08:24:14,35015.5,8994.4,8917.4,753.9,752.4,1.73,2578.8,59.7,89.76,2917.5,188.8,6760.3,2.39,0.0,0.0
2025-09-05 08:24:15,34953.4,8981.7,8947.3,752.5,757.4,0.83,2630.0,61.8,89.74,3078.0,200.8,6815.4,2.6,0.0,0.0
2025-09-05 08:24:16,35012.9,9096.4,9013.9,750.3,747.9,1.65,2651.3,58.4,89.7,2976.7,211.2,6775.1,2.63,0.0,0.0
2025-09-05 08:24:17,35006.8,8946.5,8914.5,746.1,746.9,1.02,2603.7,59.9,89.76,3072.8,204.2,6821.0,2.33,0.0,0.0
2025-09-05 08:24:18,35007.9,9090.0,8893.0,752.3,751.9,1.33,2645.9,58.5,89.84,3046.2,196.7,6811.8,2.63,0.0,0.0
2025-09-05 08:24:19,35010.7,9021.9,8972.0,750.1,745.1,1.16,2622.7,60.0,89.8,2951.0,193.5,6749.0,2.69,0.0,0.0
2025-09-05 08:24:20,34981.7,8999.6,9102.1,752.2,751.7,1.13,2597.3,60.6,89.81,2992.8,192.2,6781.7,2.59,0.1,0.0
2025-09-05 08:24:21,34992.7,8829.3,9016.2,749.8,748.5,1.46,2675.9,60.8,89.76,3037.6,188.3,6851.1,2.36,0.0,0.0
2025-09-05 08:24:22,35017.8,8890.3,9124.1,747.4,749.7,1.43,2587.9,60.1,89.81,3026.0,194.9,6801.4,2.68,0.0,0.0
2025-09-05 08:24:23,35012.1,9063.0,8988.8,746.3,751.8,1.15,2671.4,58.1,89.74,3087.1,202.6,6804.2,2.76,0.1,0.0
2025-09-05 08:24:24,35005.8,9118.8,8973.6,752.3,751.0,0.99,2621.7,60.3,89.74,3064.1,194.4,6814.8,2.41,0.0,0.0
2025-09-05 08:24:25,34957.6,9017.5,8881.7,754.3,757.3,1.74,2603.2,61.1,89.78,3019.5,216.0,6835.9,2.15,0.0,0.0
2025-09-05 08:24:26,35015.1,9064.8,8951.0,748.8,753.1,1.57,2604.9,61.3,89.71,3040.1,203.7,6854.4,2.37,0.0,0.0
2025-09-05 08:24:27,35032.7,8965.3,9122.0,751.4,746.4,1.26,2609.9,62.8,89.76,2961.2,195.6,6828.5,2.51,0.0,0.0
2025-09-05 08:24:28,35028.3,8968.4,9027.8,754.7,754.3,1.15,2605.9,60.7,89.77,2967.6,199.7,6897.5,2.75,0.0,0.0
2025-09-05 08:24:29,35006.5,8943.6,9062.3,746.9,746.2,1.3,2644.8,58.6,89.83,3035.2,214.4,6825.3,2.73,0.0,0.0
2025-09-05 08:24:30,34956.4,9082.8,9059.9,748.7,751.2,1.24,2569.9,59.3,89.73,3020.2,183.2,6831.4,2.63,0.0,0.0
2025-09-05 08:24:31,35026.4,9029.1,8999.2,746.0,746.6,1.52,2678.4,60.1,89.78,2938.9,202.3,6843.7,2.38,0.0,0.0
2025-09-05 08:24:32,34995.9,8980.1,8982.6,753.9,748.0,0.98,2664.1,61.3,89.73,2996.8,226.3,6858.1,2.65,0.0,0.0
2025-09-05 08:24:33,34929.1,8972.1,9010.1,750.8,755.4,1.23,2683.3,58.4,89.74,2956.3,209.8,6903.6,2.5,0.0,0.0
2025-09-05 08:24:34,35010.6,9047.3,9057.1,748.2,749.0,1.03,2600.2,61.2,89.65,2970.1,191.1,6935.8,2.31,0.0,0.0
2025-09-05 08:24:35,34958.2,9027.5,9038.9,744.1,748.6,1.55,2553.3,60.8,89.72,3074.2,201.2,6848.7,2.16,0.0,0.0
2025-09-05 08:24:36,34963.7,8929.3,9041.8,749.2,748.9,1.67,2612.4,58.8,89.8,2948.2,197.7,6856.8,2.69,0.0,0.0
2025-09-05 08:24:37,34982.2,9145.9,9013.1,753.3,749.8,1.2,2628.2,60.8,89.78,2964.6,227.4,6885.9,2.19,0.0,0.0
2025-09-05 08:24:38,35035.6,9021.8,8934.6,748.8,755.9,1.36,2644.5,58.9,89.76,3033.3,193.4,6863.4,2.74,0.0,0.0
2025-09-05 08:24:39,34989.6,9000.9,8977.8,748.4,746.8,1.57,2615.6,59.9,89.85,3005.7,197.3,6898.5,2.93,0.0,0.0
2025-09-05 08:24:40,35007.6,9125.6,8920.0,752.1,746.6,1.15,2630.7,59.5,89.78,3010.9,196.7,6836.8,2.51,0.0,0.0
2025-09-05 08:24:41,35048.9,9087.0,9085.4,745.6,752.9,0.99,2638.7,60.3,89.71,2920.3,186.0,6903.1,2.34,0.0,0.0
2025-09-05 08:24:42,35044.6,8992.5,8821.3,750.0,745.4,1.48,2579.1,58.4,89.75,3000.0,167.5,6804.3,2.38,0.0,0.0
2025-09-05 08:24:43,34997.1,9045.6,8981.5,751.9,749.6,1.35,2696.3,60.6,89.75,2980.7,197.6,6896.8,2.37,0.0,0.0
2025-09-05 08:24:44,34993.2,8909.1,9202.9,747.1,754.8,1.17,2593.7,57.1,89.82,2956.1,205.0,6903.8,2.58,0.1,0.0
2025-09-05 08:24:45,34964.7,8945.5,8971.0,747.0,750.9,1.59,2642.0,59.4,89.72,2970.0,195.7,6966.4,2.69,0.1,0.0
2025-09-05 08:24:46,34980.6,8807.9,8903.5,750.7,749.2,1.28,2670.4,59.2,89.77,2985.1,204.8,6855.1,2.36,0.0,0.0
2025-09-05 08:24:47,35011.9,9103.7,8998.5,749.5,748.4,0.78,2605.1,62.0,89.79,3048.9,207.4,6910.8,2.44,0.0,0.0
2025-09-05 08:24:48,35011.1,8838.6,9109.6,749.0,747.7,1.31,2632.4,60.7,89.72,3107.4,206.8,6911.3,2.38,0.0,0.0
2025-09-05 08:24:49,35003.1,9057.9,8986.4,750.6,748.8,1.21,2689.3,59.3,89.76,3008.0,183.3,6860.2,2.72,0.0,0.0
2025-09-05 08:24:50,35027.9,8929.4,9052.1,750.6,751.3,1.69,2622.1,58.8,89.67,3085.1,214.8,6902.3,2.69,0.1,0.0
2025-09-05 08:24:51,34978.4,8916.8,9008.5,746.6,755.2,1.22,2668.4,60.0,89.75,3008.2,208.4,6867.3,2.34,0.0,0.0
2025-09-05 08:24:52,34998.4,8983.4,8968.3,747.5,754.2,1.17,2641.9,59.1,89.66,2918.4,207.9,6858.5,2.44,0.0,0.0
2025-09-05 08:24:53,35020.5,9022.6,9267.8,751.4,748.9,1.33,2639.5,62.9,89.73,3005.1,200.1,6848.8,2.53,0.0,0.0
2025-09-05 08:24:54,35016.4,9052.0,9006.0,753.8,748.3,1.28,2656.5,56.3,89.82,3073.9,199.9,6893.8,2.16,0.1,0.0
2025-09-05 08:24:55,35030.0,9150.6,8954.3,754.6,753.3,0.87,2623.1,60.0,89.77,3080.6,194.6,6867.8,2.4,0.0,0.0
2025-09-05 08:24:56,35011.1,9030.5,8958.4,746.9,744.6,1.25,2623.7,56.7,89.75,2952.3,204.1,6835.4,2.53,0.0,0.0
2025-09-05 08:24:57,34991.3,9074.9,9032.3,753.7,749.3,1.14,2664.5,61.3,89.75,3127.5,209.1,6916.1,2.23,0.0,0.0
2025-09-05 08:24:58,35010.1,8949.1,9034.8,752.5,749.7,1.57,2639.9,58.9,89.83,2960.5,194.4,6850.8,2.54,0.0,0.0
2025-09-05 08:24:59,34971.9,9060.7,9065.6,749.8,747.0,1.82,2648.0,62.1,89.77,2960.9,208.0,6933.0,2.51,0.0,0.0
2025-09-05 08:25:00,34954.1,9013.0,9012.0,751.6,747.4,0.94,2588.6,59.2,89.79,2972.6,195.4,6919.3,2.39,0.0,0.0
2025-09-05 08:25:01,35016.3,8960.6,8878.3,752.8,752.0,0.98,2630.8,61.4,89.73,3083.4,205.8,6885.1,2.7,0.0,0.0
2025-09-05 08:25:02,34998.5,8991.8,9045.2,756.1,745.1,1.01,2672.5,60.2,89.73,3024.6,198.5,6861.2,2.32,0.0,0.0
2025-09-05 08:25:03,35008.6,8994.7,8973.7,746.2,747.7,1.06,2661.4,61.5,89.7,3053.2,208.4,6885.4,2.58,0.1,0.0
2025-09-05 08:25:04,34952.5,9016.2,8975.7,752.0,748.6,1.05,2641.8,60.0,89.74,2877.4,219.0,6871.9,2.45,0.0,0.0
2025-09-05 08:25:05,34989.8,9034.1,8874.0,749.4,751.1,1.24,2611.5,56.0,89.72,2999.2,202.2,6905.9,2.71,0.0,0.0
2025-09-05 08:25:06,34983.2,8956.7,8951.3,749.2,746.1,1.5,2608.0,59.0,89.78,2995.8,195.1,6907.7,2.35,0.0,0.0
2025-09-05 08:25:07,34975.8,8937.0,8938.2,753.9,754.6,0.9,2644.6,57.9,89.77,3041.3,195.8,7004.5,2.62,0.0,0.0
2025-09-05 08:25:08,34936.9,9063.5,8996.9,752.7,749.7,0.84,2678.8,61.2,89.74,2975.9,206.1,6852.2,2.62,0.0,0.0
2025-09-05 08:25:09,34990.6,8855.8,8876.5,746.4,749.9,0.76,2630.5,60.7,89.72,3069.2,195.1,6904.0,2.72,0.0,0.0
2025-09-05 08:25:10,35025.1,8947.5,9004.3,748.9,749.6,1.5,2674.4,60.0,89.63,2963.6,209.6,6944.1,2.81,0.0,0.0
2025-09-05 08:25:11,35010.7,9132.0,9010.6,750.7,748.5,1.55,2618.2,60.6,89.72,2924.0,202.9,6961.4,2.21,0.0,0.0
2025-09-05 08:25:12,34983.2,8769.9,8904.8,745.0,747.4,0.84,2670.5,60.2,89.75,2910.2,208.9,6973.2,2.49,0.0,0.0
2025-09-05 08:25:13,34999.6,8941.1,8946.9,752.9,754.8,0.82,2593.4,59.2,89.77,3073.3,194.6,6896.2,2.29,0.0,0.0
2025-09-05 08:25:14,35021.2,9058.5,8927.1,749.6,751.5,1.26,2634.7,62.5,89.62,3044.8,190.6,6957.8,2.69,0.0,0.0
2025-09-05 08:25:15,34922.7,8859.7,9077.1,750.5,750.4,1.5,2590.7,60.3,89.64,2958.5,192.7,6834.4,2.76,0.0,0.0
2025-09-05 08:25:16,34996.5,9220.8,8785.1,751.1,754.2,1.48,2650.9,59.7,89.75,3064.3,203.9,6925.2,2.44,0.0,0.0
2025-09-05 08:25:17,35015.2,8780.0,8970.8,756.2,748.3,1.27,2647.7,58.0,89.7,2992.8,192.3,6962.9,2.55,0.0,0.0
2025-09-05 08:25:18,35019.1,9122.1,8858.9,750.0,753.0,1.39,2594.3,59.1,89.73,2995.6,206.8,6959.3,2.75,0.1,0.0
2025-09-05 08:25:19,35047.6,9132.4,8963.3,748.7,750.9,1.31,2601.3,60.0,89.72,2920.4,179.7,6889.0,2.54,0.0,0.0
2025-09-05 08:25:20,35031.8,9077.9,9072.0,755.9,747.7,1.08,2611.7,59.7,89.76,2971.7,193.4,6909.8,2.48,0.0,0.0
2025-09-05 08:25:21,35008.8,8981.2,8946.4,748.2,753.4,1.7,2574.9,59.3,89.66,3008.6,198.4,6866.1,2.19,0.0,0.0
2025-09-05 08:25:22,35008.5,9030.4,9011.8,748.1,745.6,1.22,2594.5,59.9,89.71,3013.9,182.0,6914.9,2.36,0.0,0.0
2025-09-05 08:25:23,35022.0,8923.7,8928.2,745.1,753.0,0.95,2596.4,58.5,89.77,2971.0,194.0,6894.6,2.69,0.0,0.0
2025-09-05 08:25:24,34984.9,9068.8,9164.9,753.6,747.7,1.11,2653.8,60.0,89.74,3058.3,185.3,6951.5,2.22,0.1,0.0
2025-09-05 08:25:25,34998.9,8904.8,9077.6,750.8,752.2,0.84,2674.7,57.9,89.7,3083.3,199.3,6917.6,2.56,0.1,0.0
2025-09-05 08:25:26,35025.4,8976.7,9095.8,751.5,755.5,1.23,2610.6,58.8,89.75,2957.2,197.6,6964.7,2.54,0.0,0.0
2025-09-05 08:25:27,35054.8,9084.7,8887.1,750.5,752.7,1.5,2615.9,59.0,89.75,3025.1,207.3,6941.8,2.5,0.0,0.0
2025-09-05 08:25:28,34995.5,8905.3,8906.4,749.4,748.7,0.91,2633.3,61.1,89.7,2917.1,191.7,6935.2,2.65,0.0,0.0
2025-09-05 08:25:29,34998.6,8969.0,9091.8,747.2,750.7,1.51,2607.4,60.6,89.76,3025.8,184.0,7007.3,2.36,0.0,0.0
2025-09-05 08:25:30,35005.6,9014.0,8983.5,747.2,749.5,1.75,2615.8,60.0,89.76,2948.5,194.7,6988.0,2.77,0.0,0.0
2025-09-05 08:25:31,35037.6,8885.9,8978.1,751.4,746.7,1.32,2654.6,58.4,89.73,2994.0,201.3,6904.6,2.42,0.0,0.0
2025-09-05 08:25:32,34999.2,9099.0,9028.4,750.3,746.9,0.93,2633.2,59.4,89.77,3012.4,200.9,6997.3,2.7,0.0,0.0
2025-09-05 08:25:33,35041.1,9029.0,8893.3,755.5,750.9,1.01,2622.0,61.0,89.69,2989.1,201.7,6977.3,2.39,0.0,0.0
2025-09-05 08:25:34,34972.9,8871.2,9065.7,747.3,752.6,1.14,2604.8,61.6,89.76,3061.3,212.0,6997.3,2.55,0.0,0.0
2025-09-05 08:25:35,34994.8,8996.0,9001.6,748.2,744.7,0.9,2676.1,58.0,89.72,2959.2,196.5,6968.4,2.44,0.0,0.0
2025-09-05 08:25:36,34994.5,8934.1,9040.7,746.4,750.5,0.91,2603.0,59.4,89.69,2976.6,197.9,6892.8,2.83,0.0,0.0
2025-09-05 08:25:37,35022.0,8944.1,8943.0,754.7,752.5,1.16,2628.6,60.1,89.71,3021.0,191.7,6942.0,2.3,0.0,0.0
2025-09-05 08:25:38,35029.3,9006.5,9043.6,745.6,751.1,1.18,2588.1,60.4,89.78,3000.9,194.2,6873.0,2.38,0.0,0.0
2025-09-05 08:25:39,34957.7,8939.7,8940.1,752.6,747.3,1.38,2603.2,60.0,89.71,3017.0,210.3,6908.7,2.78,0.0,0.0
2025-09-05 08:25:40,34974.4,9082.0,9081.1,754.9,754.3,0.92,2627.1,60.8,89.71,2991.0,203.6,6933.3,2.66,0.0,0.0
2025-09-05 08:25:41,35009.4,8940.1,9096.0,749.4,746.5,1.69,2609.9,58.0,89.7,2957.7,174.3,7001.0,2.49,0.1,0.0
2025-09-05 08:25:42,34981.6,9083.4,9077.5,752.4,752.9,1.49,2642.1,62.0,89.7,3040.0,211.9,6959.9,2.45,0.0,0.0
2025-09-05 08:25:43,34957.4,8996.3,9043.9,742.5,756.2,1.45,2625.7,58.4,89.77,3007.2,180.4,6966.5,2.25,0.0,0.0
2025-09-05 08:25:44,35029.1,9072.7,9053.9,748.6,743.7,1.06,2574.8,60.0,89.81,3053.3,196.0,6985.0,2.45,0.0,0.0
2025-09-05 08:25:45,35013.8,8954.0,8770.0,744.2,751.6,1.66,2542.3,60.6,89.78,3077.5,209.6,6929.8,2.57,0.0,0.0
2025-09-05 08:25:46,35013.8,8957.1,9071.0,750.5,751.8,1.14,2657.6,61.5,89.75,2983.2,201.3,6999.0,2.73,0.0,0.0
2025-09-05 08:25:47,34986.7,8902.0,8976.7,749.9,751.5,1.68,2602.2,61.2,89.76,2961.5,205.5,6969.6,2.68,0.0,0.0
2025-09-05 08:25:48,35028.8,9049.1,9008.1,747.2,748.1,1.49,2674.2,61.1,89.71,2977.5,208.6,6930.1,2.78,0.0,0.0
2025-09-05 08:25:49,34993.3,9079.7,8975.9,753.2,749.6,1.0,2622.8,61.7,89.7,2966.6,203.0,6943.9,2.58,0.0,0.0
2025-09-05 08:25:50,35030.7,9180.1,8881.8,751.1,745.9,1.0,2595.4,59.8,89.68,2891.7,187.7,6955.9,2.36,0.0,0.0
2025-09-05 08:25:51,34974.5,9109.7,8954.2,748.1,751.1,3.6,2641.5,61.0,89.78,3094.9,203.7,6985.4,2.43,0.0,0.0
2025-09-05 08:25:52,34976.1,9021.2,9056.0,748.1,752.5,3.6,2612.3,62.0,89.71,3026.0,193.2,7013.8,2.8,0.0,0.0
2025-09-05 08:25:53,35005.7,8982.1,9120.5,744.8,748.4,2.3,2622.1,58.9,89.69,3133.6,176.2,6955.4,2.52,0.0,0.0
2025-09-05 08:25:54,34980.3,9033.0,8947.1,749.3,747.5,1.0,2589.0,58.1,89.7,2971.8,197.2,6958.9,2.77,0.0,0.0
2025-09-05 08:25:55,35018.9,8997.6,8923.2,757.2,749.1,1.27,2643.6,58.6,89.73,3036.2,205.5,7028.5,2.2,0.0,0.0
2025-09-05 08:25:56,35007.3,9124.4,9123.4,747.4,750.7,1.03,2659.4,61.8,89.7,3018.4,201.2,7076.7,2.41,0.0,0.0
2025-09-05 08:25:57,34974.2,9080.2,8925.0,751.4,750.9,1.17,2602.6,61.6,89.72,2999.2,200.1,7029.8,2.35,0.0,0.0
2025-09-05 08:25:58,35002.0,8928.9,9176.3,748.0,750.3,1.06,2683.1,59.5,89.73,3058.0,217.2,6975.4,2.55,0.0,0.0
2025-09-05 08:25:59,34990.2,8941.6,9004.3,752.7,750.9,1.12,2600.7,60.3,89.77,3003.4,202.8,6957.1,2.35,0.0,0.0
2025-09-05 08:26:00,35025.6,9116.2,8924.9,751.4,746.2,1.34,2629.2,60.6,89.67,2998.9,209.1,6993.3,2.25,0.0,0.0
2025-09-05 08:26:01,34982.3,9026.2,9083.7,749.1,741.3,0.98,2563.1,61.4,89.73,3012.2,203.3,6980.8,2.49,0.1,0.0
2025-09-05 08:26:02,34987.7,8980.3,9143.9,743.7,752.8,1.41,2552.9,57.5,89.69,2878.3,216.3,6943.9,2.06,0.0,0.0
2025-09-05 08:26:03,35033.9,9100.8,8878.0,748.1,755.6,1.25,2693.4,59.2,89.7,2963.0,196.4,7018.0,2.39,0.0,0.0
2025-09-05 08:26:04,35062.7,8967.1,9132.5,754.1,745.8,1.41,2669.6,59.6,89.78,2962.1,211.7,7059.0,2.58,0.0,0.0
2025-09-05 08:26:05,35056.0,8976.2,8976.1,749.1,748.4,1.45,2659.7,60.4,89.74,3095.4,218.0,6944.2,2.28,0.0,0.0
2025-09-05 08:26:06,35001.8,8960.8,9126.3,752.1,751.7,1.54,2560.1,60.1,89.7,3036.0,196.4,6946.5,2.49,0.0,0.0
2025-09-05 08:26:07,35006.1,8833.3,8967.7,748.2,753.9,1.38,2627.2,59.5,89.74,3047.1,210.4,6956.6,2.33,0.0,0.0
2025-09-05 08:26:08,35042.9,9073.5,8865.9,743.5,752.9,1.4,2633.8,60.4,89.72,3038.4,186.7,6931.4,2.43,0.0,0.0
2025-09-05 08:26:09,34996.5,8897.2,9042.7,751.4,755.1,1.18,2621.7,56.5,89.76,2992.5,203.2,7002.8,2.55,0.1,0.0
2025-09-05 08:26:10,34972.7,8951.7,9078.8,751.0,750.5,1.37,2629.2,64.1,89.7,3095.6,207.4,6926.2,2.59,0.0,0.0
2025-09-05 08:26:11,35003.3,8936.8,9178.2,747.9,752.1,1.0,2586.5,61.1,89.73,2991.7,191.9,6998.6,2.59,0.1,0.0
2025-09-05 08:26:12,35012.6,9061.8,9146.5,748.6,752.1,1.16,2612.8,61.2,89.71,2924.3,182.4,6989.9,2.36,0.0,0.0
2025-09-05 08:26:13,34976.8,8994.2,9059.1,750.9,749.2,1.41,2578.4,59.1,89.71,3038.5,200.6,7002.2,2.8,0.0,0.0
2025-09-05 08:26:14,34953.9,9001.3,8979.8,747.9,754.8,1.21,2605.9,60.5,89.71,3069.2,196.9,6926.2,2.57,0.0,0.0
2025-09-05 08:26:15,34959.8,8857.2,8955.7,751.1,752.8,1.34,2630.9,62.7,89.69,3009.2,202.0,6982.2,2.38,0.0,0.0
2025-09-05 08:26:16,35018.6,8992.6,8974.9,749.2,754.0,0.96,2590.4,62.4,89.72,3023.7,203.0,6987.0,2.76,0.0,0.0
2025-09-05 08:26:17,34978.8,8874.5,8929.4,741.8,749.3,1.57,2607.9,60.1,89.75,3056.9,208.4,7008.3,2.43,0.0,0.0
2025-09-05 08:26:18,34996.0,9026.1,8976.7,749.4,754.2,1.08,2602.3,58.3,89.69,3088.9,215.6,6991.2,2.88,0.0,0.0
2025-09-05 08:26:19,35006.0,9031.2,8783.7,747.9,747.0,1.32,2617.7,60.2,89.7,3036.0,204.4,6958.8,2.67,0.0,0.0
2025-09-05 08:26:20,35017.3,8998.5,9015.2,747.0,752.0,1.22,2649.2,59.6,89.72,3097.3,185.1,7018.4,2.48,0.0,0.0
2025-09-05 08:26:21,34990.6,9173.7,8997.5,751.3,741.7,1.46,2625.1,61.1,89.68,3019.6,206.8,7027.1,2.41,0.0,0.0
2025-09-05 08:26:22,35014.0,9044.9,9218.1,748.2,747.2,1.13,2630.5,58.3,89.74,3120.5,204.0,7026.3,2.34,0.1,0.0
2025-09-05 08:26:23,34975.1,9050.6,9064.5,751.8,753.2,0.97,2566.2,59.7,89.74,2926.6,201.6,6954.7,2.35,0.0,0.0
2025-09-05 08:26:24,34989.9,9012.1,8959.2,753.7,749.1,0.75,2603.7,60.3,89.62,3056.3,215.8,6998.7,2.45,0.1,0.0
2025-09-05 08:26:25,34971.3,8983.6,9048.0,750.4,751.3,1.15,2644.8,59.3,89.68,3019.6,202.8,6949.5,2.77,0.0,0.0
2025-09-05 08:26:26,35031.7,9082.1,8895.8,744.6,745.1,0.92,2585.9,61.4,89.67,3010.2,196.7,6975.4,2.54,0.0,0.0
2025-09-05 08:26:27,34999.2,9093.6,8948.8,747.4,756.0,1.36,2600.7,58.5,89.74,2932.0,204.8,7007.5,2.49,0.0,0.0
2025-09-05 08:26:28,34979.3,8889.4,8841.3,753.1,752.7,1.58,2581.8,58.3,89.74,3063.5,184.4,6932.6,2.59,0.0,0.0
2025-09-05 08:26:29,34990.1,9089.6,9122.1,749.0,750.6,0.67,2662.1,59.5,89.66,2992.6,209.6,7077.6,2.44,0.0,0.0
2025-09-05 08:26:30,34993.8,9043.7,9050.4,747.1,752.1,0.9,2599.5,61.1,89.68,2948.1,200.8,7024.5,2.26,0.0,0.0
2025-09-05 08:26:31,35019.6,9081.7,8900.1,749.6,751.8,1.3,2589.7,59.6,89.7,2968.3,216.9,6956.4,2.21,0.0,0.0
2025-09-05 08:26:32,34955.3,9039.6,8994.9,751.7,755.5,1.53,2636.6,59.2,89.69,2990.6,207.0,6963.4,2.78,0.0,0.0
2025-09-05 08:26:33,34971.0,8894.2,9080.7,750.8,751.4,1.3,2653.2,61.1,89.73,3009.3,203.9,6980.6,2.45,0.0,0.0
2025-09-05 08:26:34,34989.4,8900.3,9042.1,752.2,745.6,1.3,2631.9,60.3,89.74,2952.9,202.1,6978.6,2.82,0.0,0.0
2025-09-05 08:26:35,35070.9,9155.1,9032.5,747.1,749.8,1.35,2648.8,59.3,89.73,2952.1,188.6,6942.3,2.88,0.0,0.0
2025-09-05 08:26:36,35026.8,9021.5,8927.1,749.0,755.0,1.37,2621.7,60.1,89.75,3026.8,199.5,6979.8,2.56,0.1,0.0
2025-09-05 08:26:37,34996.9,8879.5,8945.8,749.1,752.6,1.64,2609.6,59.7,89.74,2999.6,203.2,6931.4,2.66,0.1,0.0
2025-09-05 08:26:38,35019.9,9029.6,9008.1,749.9,749.2,1.38,2598.6,60.8,89.7,3113.4,210.0,6963.7,2.43,0.0,0.0
2025-09-05 08:26:39,35057.6,8969.2,9078.2,742.7,752.7,0.91,2596.0,60.2,89.68,2980.0,204.5,7047.1,2.48,0.1,0.0
2025-09-05 08:26:40,34993.5,8843.3,8929.5,749.1,751.1,1.11,2592.7,58.9,89.67,3045.1,207.1,6983.5,2.52,0.1,0.0
2025-09-05 08:26:41,34989.7,8805.3,8904.7,745.3,752.7,1.28,2626.3,59.3,89.73,3100.8,207.1,6972.6,2.5,0.0,0.0
2025-09-05 08:26:42,35033.9,8863.8,9097.2,754.7,745.2,1.02,2609.3,59.4,89.74,2992.4,195.1,7040.4,2.8,0.0,0.0
2025-09-05 08:26:43,35013.8,9023.1,8920.9,755.3,747.6,1.16,2616.1,60.5,89.74,3058.6,203.3,6997.5,2.49,0.1,0.0
2025-09-05 08:26:44,35018.8,8995.9,9091.6,755.7,752.9,1.09,2634.1,60.5,89.69,3020.5,198.2,7008.4,2.68,0.0,0.0
2025-09-05 08:26:45,34985.8,8978.8,9020.7,752.7,749.9,1.05,2610.9,58.9,89.68,3006.5,188.0,6967.4,2.53,0.0,0.0
2025-09-05 08:26:46,35053.9,9024.2,9074.9,748.3,751.9,1.4,2564.7,59.7,89.71,3093.1,185.4,7025.3,2.63,0.0,0.0
2025-09-05 08:26:47,35047.9,9051.1,9148.3,753.3,757.4,1.13,2584.7,60.4,89.75,2948.2,208.5,6976.5,2.87,0.0,0.0
2025-09-05 08:26:48,35015.8,8821.3,9058.5,749.2,749.6,0.95,2573.1,61.4,89.71,2969.9,214.5,7018.4,2.2,0.0,0.0
2025-09-05 08:26:49,35019.2,8974.4,9066.0,752.0,751.5,1.04,2545.4,60.3,89.71,2904.8,214.3,7010.6,2.73,0.0,0.0
2025-09-05 08:26:50,34943.2,8929.6,8922.0,746.8,748.7,1.23,2615.5,62.6,89.66,2996.8,192.0,7048.1,2.38,0.0,0.0
2025-09-05 08:26:51,35017.9,8895.2,8940.9,747.9,748.5,1.75,2569.8,60.0,89.71,3058.5,215.1,7023.1,2.55,0.0,0.0
2025-09-05 08:26:52,34994.6,8953.5,9054.7,751.5,750.4,1.29,2566.7,61.0,89.72,2989.4,215.7,6988.3,2.44,0.0,0.0
2025-09-05 08:26:53,35012.1,8989.6,9130.4,756.1,745.7,1.6,2573.7,59.5,89.66,3049.4,192.9,6952.6,2.41,0.0,0.0
2025-09-05 08:26:54,35019.1,8977.4,9118.3,749.8,743.4,1.35,2641.7,58.6,89.76,2961.3,205.2,6979.0,2.24,0.0,0.0
2025-09-05 08:26:55,34990.4,8876.4,9196.9,757.7,755.3,0.68,2600.2,60.1,89.66,3067.3,217.2,6965.7,1.98,0.0,0.0
2025-09-05 08:26:56,34952.7,8958.9,9026.4,759.5,750.3,1.32,2645.8,60.6,89.73,2997.3,201.3,7042.4,2.93,0.0,0.0
2025-09-05 08:26:57,35010.3,9171.3,9017.2,745.5,754.5,1.01,2607.5,60.4,89.69,2976.9,212.0,6974.4,2.68,0.0,0.0
2025-09-05 08:26:58,34979.2,8910.4,9085.5,749.8,751.1,0.88,2595.3,60.2,89.7,3095.0,194.3,6910.7,2.46,0.0,0.0
2025-09-05 08:26:59,34990.8,8856.6,9001.6,746.6,751.2,0.95,2630.1,59.5,89.66,3003.0,197.0,7003.3,2.14,0.0,0.0
2025-09-05 08:27:00,34983.1,9023.4,8994.7,749.5,752.9,1.67,2631.0,58.9,89.67,3035.5,209.0,7018.3,2.64,0.1,0.0
2025-09-05 08:27:01,34990.4,9050.7,8911.0,748.1,753.1,0.83,2614.0,59.6,89.72,3010.3,198.8,6958.6,2.82,0.0,0.0
2025-09-05 08:27:02,34935.3,9039.4,9084.3,749.7,746.5,1.07,2573.6,60.6,89.68,3042.7,201.6,7015.0,2.59,0.0,0.0
2025-09-05 08:27:03,35034.1,8904.8,8908.9,753.3,754.8,1.51,2593.7,61.3,89.68,3010.3,201.3,6944.8,2.17,0.0,0.0
2025-09-05 08:27:04,35007.1,9084.8,9043.5,753.2,747.3,1.39,2568.2,55.6,89.73,2936.5,190.3,6999.2,2.4,0.0,0.0
2025-09-05 08:27:05,35031.1,8933.2,8879.4,750.8,751.3,0.79,2600.3,60.8,89.72,3019.3,215.1,6985.4,2.56,0.0,0.0
2025-09-05 08:27:06,35055.4,8903.5,9093.2,750.0,759.4,1.2,2612.4,61.4,89.7,3030.1,199.0,7002.2,2.49,0.1,0.0
2025-09-05 08:27:07,35000.6,8948.3,8912.6,750.4,750.9,1.09,2660.8,61.7,89.7,3025.1,197.2,7006.1,2.73,0.0,0.0
2025-09-05 08:27:08,34949.5,8990.8,9071.7,750.4,756.4,1.17,2658.2,60.5,89.76,2990.8,196.0,6968.2,2.31,0.0,0.0
2025-09-05 08:27:09,34975.0,9060.7,8864.9,751.9,749.5,1.41,2632.3,60.9,89.68,3104.5,201.0,7019.5,2.38,0.1,0.0
2025-09-05 08:27:10,34966.2,9053.0,8962.6,750.0,752.8,1.08,2641.8,59.4,89.7,2962.9,191.2,6974.2,2.01,0.0,0.0
2025-09-05 08:27:11,34985.9,8998.1,9100.2,751.7,750.8,1.14,2616.3,59.9,89.7,3010.3,208.9,6995.8,2.73,0.0,0.0
2025-09-05 08:27:12,35002.2,9079.3,8931.5,745.4,752.1,1.59,2705.0,60.7,89.63,3015.3,197.0,7041.0,2.63,0.0,0.0
2025-09-05 08:27:13,34943.9,9006.9,9005.7,752.7,747.7,0.76,2661.3,58.5,89.61,2943.1,208.2,6959.8,2.42,0.0,0.0
2025-09-05 08:27:14,35009.6,9076.2,8959.3,756.0,747.5,1.13,2700.3,58.9,89.69,2937.2,191.8,6994.5,2.15,0.0,0.0
2025-09-05 08:27:15,34957.7,8880.7,8803.7,750.6,751.8,1.34,2620.9,60.2,89.72,3040.5,190.4,7047.4,2.68,0.0,0.0
2025-09-05 08:27:16,35008.3,8866.2,9026.2,745.1,745.3,0.91,2621.8,58.2,89.69,3041.1,191.3,7035.7,2.22,0.0,0.0
2025-09-05 08:27:17,34996.9,9065.9,9036.7,754.6,747.8,1.06,2644.0,60.0,89.66,3011.3,202.6,6968.6,2.25,0.0,0.0
2025-09-05 08:27:18,34991.2,8881.8,8905.8,748.8,752.8,0.89,2613.7,58.0,89.66,2914.1,187.4,6970.8,2.12,0.0,0.0
2025-09-05 08:27:19,34998.0,8974.4,9048.8,739.6,748.6,1.26,2617.8,60.2,89.72,2987.3,208.7,7011.5,2.22,0.1,0.0
2025-09-05 08:27:20,34984.9,8991.7,8932.4,749.2,747.6,1.07,2572.2,60.0,89.67,3016.8,197.1,6969.8,2.32,0.0,0.0
2025-09-05 08:27:21,34982.9,8958.5,8914.7,752.0,746.9,1.42,2639.4,59.2,89.62,3038.0,209.2,6995.1,2.29,0.0,0.0
2025-09-05 08:27:22,34952.9,8961.5,9000.6,751.3,751.2,1.48,2611.1,58.7,89.71,3069.6,196.6,6945.1,2.72,0.0,0.0
2025-09-05 08:27:23,34999.2,9118.4,8942.1,754.2,749.4,1.23,2634.5,59.3,89.69,3028.8,208.3,7014.7,2.64,0.0,0.0
2025-09-05 08:27:24,35051.7,8785.0,9194.9,752.1,751.2,1.13,2598.3,57.0,89.7,3057.1,190.2,6937.2,2.52,0.0,0.0
2025-09-05 08:27:25,35055.5,9075.1,8867.8,750.4,750.0,1.29,2543.7,59.4,89.72,3095.9,189.5,6997.9,2.39,0.0,0.0
2025-09-05 08:27:26,35037.0,9195.1,9062.8,743.1,757.0,1.24,2623.2,60.1,89.73,2873.4,206.2,7017.9,2.49,0.0,0.0
2025-09-05 08:27:27,35019.8,9002.0,9084.1,746.1,749.2,0.92,2646.3,61.6,89.7,3058.7,194.9,6970.5,2.24,0.0,0.0
2025-09-05 08:27:28,34981.1,8998.4,8831.8,750.6,744.0,1.49,2560.6,59.3,89.67,2979.1,210.8,6939.2,2.58,0.0,0.0
2025-09-05 08:27:29,35040.4,9061.7,8852.7,752.3,751.1,1.28,2571.2,59.7,89.6,3030.2,193.5,6949.9,2.31,0.0,0.0
2025-09-05 08:27:30,34998.4,9155.5,9047.8,746.4,750.7,1.42,2594.5,61.8,89.69,3015.1,205.4,6927.6,2.4,0.1,0.0
2025-09-05 08:27:31,34998.1,8899.0,8959.1,747.8,751.2,0.88,2596.2,62.3,89.67,2946.5,192.3,7056.4,2.57,0.0,0.0
2025-09-05 08:27:32,34991.8,9007.5,9032.6,751.6,745.2,1.44,2545.2,59.3,89.73,2953.1,183.2,6927.3,2.33,0.0,0.0
2025-09-05 08:27:33,35002.6,8984.2,9096.9,743.3,754.5,1.75,2665.9,61.4,89.73,3027.6,214.4,6949.6,2.22,0.0,0.0
2025-09-05 08:27:34,34987.8,9047.5,8968.4,743.2,750.5,1.38,2639.7,61.6,89.7,2993.3,198.3,7005.8,2.71,0.0,0.0
2025-09-05 08:27:35,34997.7,9013.5,8909.6,749.2,750.5,0.86,2582.6,60.7,89.73,3044.0,209.9,6996.3,2.16,0.1,0.0
2025-09-05 08:27:36,34969.6,9056.1,8768.0,750.8,745.3,1.23,2540.6,58.6,89.67,2981.9,202.1,7030.3,2.24,0.0,0.0
2025-09-05 08:27:37,34989.5,8964.2,9017.4,748.3,752.3,1.21,2616.5,58.7,89.67,3122.7,183.4,7040.4,2.27,0.0,0.0
2025-09-05 08:27:38,35063.9,9004.2,8921.1,742.0,750.4,1.28,2673.0,60.7,89.64,2989.1,204.2,7010.5,2.36,0.0,0.0
2025-09-05 08:27:39,34998.1,8943.0,9026.6,750.0,755.3,1.16,2632.4,63.1,89.66,3118.7,211.0,6992.7,2.47,0.1,0.0
2025-09-05 08:27:40,34993.3,8943.5,9019.7,745.4,749.2,1.35,2643.7,59.7,89.68,2961.0,213.0,6975.4,1.86,0.0,0.0
2025-09-05 08:27:41,35014.9,8988.0,8882.3,752.2,746.4,1.11,2570.2,62.1,89.72,3034.4,216.4,6988.8,2.4,0.0,0.0
2025-09-05 08:27:42,35019.8,8987.9,9146.5,749.6,751.1,1.28,2611.1,62.5,89.64,3065.9,204.1,7028.3,2.78,0.1,0.0
2025-09-05 08:27:43,34968.8,8900.3,9092.1,750.9,747.5,1.05,2550.3,58.3,89.7,2930.4,199.3,7016.6,2.74,0.1,0.0
2025-09-05 08:27:44,34994.2,9133.5,9072.1,752.2,752.1,1.25,2671.9,59.2,89.76,2949.5,201.0,7017.2,2.68,0.1,0.0
2025-09-05 08:27:45,35025.7,8988.5,8899.3,748.1,747.0,1.47,2622.4,62.0,89.62,3025.8,188.8,6937.1,2.48,0.0,0.0
2025-09-05 08:27:46,35007.6,8882.4,8965.4,752.8,750.2,1.1,2528.6,61.3,89.66,3067.0,207.5,6968.9,2.54,0.1,0.0
2025-09-05 08:27:47,35003.4,9093.6,8953.5,754.3,749.9,1.39,2537.4,60.7,89.67,3079.2,207.4,6971.8,2.39,0.0,0.0
2025-09-05 08:27:48,35043.5,8936.4,8964.7,751.3,750.5,1.0,2618.7,60.0,89.71,3034.0,203.7,6977.0,2.16,0.0,0.0
2025-09-05 08:27:49,34981.0,9043.2,8904.5,754.6,748.9,1.13,2606.6,60.8,89.75,3061.5,192.6,6959.0,2.57,0.0,0.0
2025-09-05 08:27:50,35002.3,8998.6,9036.9,747.8,747.9,1.16,2590.7,59.1,89.72,2938.5,206.6,7019.8,2.72,0.0,0.0
2025-09-05 08:27:51,34985.4,9021.3,9019.5,753.1,750.5,1.54,2623.0,63.3,89.67,2979.6,194.8,7033.0,2.56,0.0,0.0
2025-09-05 08:27:52,35041.7,9014.5,9031.1,750.9,748.7,1.03,2671.5,58.4,89.64,3083.4,212.6,7059.7,2.49,0.0,0.0
2025-09-05 08:27:53,34945.3,8951.1,8957.0,746.5,751.2,1.53,2613.9,57.6,89.67,2972.4,194.3,6977.8,2.67,0.0,0.0
2025-09-05 08:27:54,34981.2,9003.5,9109.7,749.7,749.7,0.85,2537.8,60.2,89.67,2989.7,195.1,6992.6,2.56,0.0,0.0
2025-09-05 08:27:55,34985.2,9172.8,9016.0,748.1,743.0,1.18,2595.2,61.9,89.68,2906.5,197.1,6999.4,2.73,0.0,0.0
2025-09-05 08:27:56,35018.6,8809.8,8767.3,748.0,750.4,1.45,2554.7,59.3,89.63,2992.6,190.1,6996.0,2.41,0.1,0.0
2025-09-05 08:27:57,35017.0,9005.6,8945.6,750.3,755.4,1.4,2572.3,59.9,89.73,2914.7,191.4,6967.1,2.14,0.1,0.0
2025-09-05 08:27:58,35039.1,9037.0,8995.2,753.6,751.7,0.97,2611.6,58.6,89.64,3023.1,197.4,7024.5,2.6,0.0,0.0
2025-09-05 08:27:59,34955.9,8910.6,9082.1,748.9,752.7,0.91,2594.1,59.9,89.69,3084.8,176.0,6925.9,2.68,0.0,0.0
2025-09-05 08:28:00,35021.0,8883.5,8974.4,750.4,752.2,1.44,2562.6,58.6,89.67,3020.5,220.0,6979.9,2.34,0.0,0.0
2025-09-05 08:28:01,34991.8,9183.5,8978.7,744.9,749.1,0.9,2598.7,58.6,89.62,3012.3,203.9,6930.2,2.55,0.0,0.0
2025-09-05 08:28:02,34981.4,8968.4,8943.7,750.3,746.1,1.37,2570.9,58.0,89.67,2980.8,203.1,7018.6,2.65,0.0,0.0
2025-09-05 08:28:03,35015.1,9176.7,9056.6,754.0,753.4,1.09,2617.8,59.2,89.66,3033.5,191.5,6948.1,1.95,0.0,0.0
2025-09-05 08:28:04,34974.2,9045.5,8962.0,752.8,754.2,1.22,2590.6,62.5,89.66,2941.3,202.1,6956.3,2.99,0.0,0.0
2025-09-05 08:28:05,34941.8,9006.5,8948.7,751.6,752.6,1.81,2612.6,59.9,89.69,2977.3,200.1,6996.1,2.66,0.0,0.0
2025-09-05 08:28:06,34989.6,9040.5,8936.9,748.1,752.1,1.61,2589.4,60.2,89.64,3122.9,201.2,6960.2,2.46,0.0,0.0
2025-09-05 08:28:07,34958.1,9054.0,9047.3,746.6,752.0,1.43,2624.7,63.0,89.76,2930.4,185.6,7005.2,2.27,0.0,0.0
2025-09-05 08:28:08,34981.8,9100.3,8954.7,749.6,750.6,0.87,2593.6,59.1,89.71,2971.5,199.0,6983.0,2.18,0.0,0.0
2025-09-05 08:28:09,35010.4,9037.0,8857.5,745.3,751.6,1.3,2597.7,58.6,89.62,2925.3,181.5,7065.2,3.17,0.0,0.0
2025-09-05 08:28:10,35008.7,9012.3,9052.9,745.7,750.7,1.23,2578.2,60.7,89.56,3071.2,198.2,6954.1,2.43,0.0,0.0
2025-09-05 08:28:11,35044.4,9015.0,8940.4,753.2,751.8,1.2,2602.8,58.3,89.71,2989.7,191.4,6968.4,2.64,0.0,0.0
2025-09-05 08:28:12,34994.4,9114.9,9030.3,746.8,747.5,1.56,2535.6,60.4,89.67,2932.1,194.2,7016.9,2.37,0.0,0.0
2025-09-05 08:28:13,34957.1,9069.4,9031.8,756.2,748.5,0.79,2690.8,61.5,89.66,2933.1,197.0,7001.0,2.43,0.0,0.0
2025-09-05 08:28:14,34978.8,8914.8,9102.3,745.0,752.6,1.3,2573.5,58.5,89.62,3064.3,208.5,7012.5,2.63,0.0,0.0
2025-09-05 08:28:15,34974.3,8946.0,9088.8,751.5,749.5,1.25,2600.6,59.3,89.6,3040.1,212.2,6986.6,2.31,0.1,0.0
2025-09-05 08:28:16,34965.9,9028.1,8951.1,745.9,742.5,1.03,2580.3,62.3,89.58,3046.9,200.4,7030.0,2.48,0.0,0.0
2025-09-05 08:28:17,35012.2,8947.1,8985.9,750.6,751.1,1.66,2579.7,58.5,89.76,2999.0,189.5,7009.0,2.46,0.0,0.0
2025-09-05 08:28:18,34981.9,8968.0,8890.3,746.4,742.9,0.9,2610.6,59.1,89.72,3052.5,214.8,7043.1,2.6,0.0,0.0
2025-09-05 08:28:19,34944.6,8918.7,9142.6,750.1,757.1,1.23,2578.5,60.3,89.63,3075.5,186.3,6949.3,2.67,0.0,0.0
2025-09-05 08:28:20,35019.5,8977.8,9037.5,749.4,753.1,1.24,2581.2,59.5,89.73,3039.5,194.7,7005.7,2.46,0.0,0.0
2025-09-05 08:28:21,34996.9,9036.0,9118.5,748.4,752.9,0.67,2547.8,58.8,89.58,2913.4,198.0,6989.1,2.78,0.0,0.0
2025-09-05 08:28:22,35010.0,9084.6,8972.9,751.7,748.4,0.86,2563.5,62.1,89.68,2893.0,192.8,7011.0,2.4,0.0,0.0
2025-09-05 08:28:23,35003.0,9000.8,8825.8,755.2,746.9,0.98,2554.8,59.2,89.68,2921.0,213.3,6964.1,2.42,0.0,0.0
2025-09-05 08:28:24,35017.7,9176.4,9130.2,747.9,749.9,1.42,2658.6,60.4,89.62,3017.1,204.1,7025.6,2.52,0.0,0.0
2025-09-05 08:28:25,35001.1,8993.5,9007.9,753.0,750.7,1.46,2548.6,59.4,89.64,2919.0,210.8,6950.6,2.45,0.1,0.0
2025-09-05 08:28:26,35034.6,9271.4,9011.3,750.3,748.1,1.37,2557.6,59.7,89.61,2942.0,197.2,7028.5,2.66,0.0,0.0
2025-09-05 08:28:27,35011.9,9085.1,9004.7,749.9,751.2,1.28,2601.7,58.1,89.65,3003.9,208.7,7016.7,1.92,0.1,0.0
2025-09-05 08:28:28,35011.0,9042.2,9054.8,757.6,753.0,0.66,2644.8,61.2,89.7,2953.1,198.6,6934.5,2.14,0.0,0.0
2025-09-05 08:28:29,35011.5,8957.6,9045.3,742.4,752.7,1.27,2535.3,59.4,89.69,2930.7,198.7,7011.6,2.06,0.0,0.0
2025-09-05 08:28:30,34959.2,8759.9,8864.8,747.6,747.2,1.09,2540.2,61.7,89.67,3055.2,203.1,6929.6,2.79,0.0,0.0
2025-09-05 08:28:31,34995.4,8986.8,9092.4,743.7,743.4,1.52,2598.6,58.4,89.69,3029.1,204.0,7017.4,2.67,0.1,0.0
2025-09-05 08:28:32,34992.7,9015.1,8955.0,748.9,750.7,1.56,2605.9,59.3,89.58,3045.5,205.8,6941.4,2.36,0.0,0.0
2025-09-05 08:28:33,35005.8,9163.4,8960.3,749.2,748.5,1.79,2544.4,60.6,89.73,3052.8,198.0,6995.2,2.58,0.0,0.0
2025-09-05 08:28:34,34962.0,8882.7,9146.8,763.2,752.2,1.4,2530.7,60.1,89.65,3081.8,185.2,6988.1,2.14,0.0,0.0
2025-09-05 08:28:35,35045.8,9162.0,9078.2,751.2,756.2,1.43,2559.9,59.1,89.6,2999.2,196.9,6940.8,2.44,0.0,0.0
2025-09-05 08:28:36,35002.9,8978.6,8971.3,756.2,756.2,0.96,2619.5,59.8,89.63,2991.0,173.5,6932.9,2.8,0.0,0.0
2025-09-05 08:28:37,34966.1,9061.5,8842.2,754.5,751.6,1.24,2591.7,58.2,89.62,2903.5,197.2,7015.3,2.63,0.0,0.0
2025-09-05 08:28:38,34952.2,8784.1,9013.7,748.4,754.4,0.91,2619.1,60.0,89.65,2987.7,192.0,6980.7,2.93,0.0,0.0
2025-09-05 08:28:39,34992.1,9011.8,9045.8,751.6,756.2,1.45,2589.1,56.4,89.66,2967.8,208.2,7035.8,2.4,0.0,0.0
2025-09-05 08:28:40,34997.5,8970.8,8993.2,755.7,750.8,0.92,2591.5,60.2,89.55,3059.2,173.2,6996.0,2.73,0.0,0.0
2025-09-05 08:28:41,34979.9,9058.0,8894.1,750.6,751.6,1.17,2614.0,61.8,89.7,3038.4,219.9,7094.2,2.52,0.0,0.0
2025-09-05 08:28:42,35002.6,9007.8,8932.8,750.7,753.5,1.01,2588.2,61.2,89.71,3082.9,196.6,7003.9,2.57,0.0,0.0
2025-09-05 08:28:43,34982.0,8902.9,8893.3,751.7,750.6,1.1,2600.4,61.1,89.6,3061.6,184.2,7059.6,2.55,0.0,0.0
2025-09-05 08:28:44,35015.4,9080.5,9018.3,744.7,749.0,1.34,2560.1,59.4,89.7,3066.8,204.2,7010.2,2.66,0.0,0.0
2025-09-05 08:28:45,34979.7,9059.0,9069.7,747.1,748.2,1.08,2570.8,60.6,89.69,3030.2,204.9,7000.8,2.77,0.0,0.0
2025-09-05 08:28:46,34998.9,9050.7,9087.2,751.1,750.7,1.28,2608.0,59.4,89.68,3008.5,204.2,7016.9,2.51,0.0,0.0
2025-09-05 08:28:47,35027.4,9085.8,8937.8,751.9,748.6,0.97,2583.0,59.9,89.71,2979.4,221.6,6971.6,2.58,0.0,0.0
2025-09-05 08:28:48,35072.0,9093.6,9020.0,746.8,753.4,1.57,2565.1,59.8,89.59,2999.6,191.8,6975.8,2.48,0.0,0.0
2025-09-05 08:28:49,34971.8,8998.1,9047.1,748.8,749.6,1.06,2614.1,55.4,89.67,2947.5,202.9,7056.4,2.56,0.0,0.0
2025-09-05 08:28:50,34987.0,8884.6,8956.6,749.5,755.6,1.48,2610.0,61.2,89.6,3022.3,201.5,6991.7,2.34,0.0,0.0
2025-09-05 08:28:51,34976.5,8882.3,8987.4,749.4,754.8,1.76,2590.5,60.6,89.74,2995.8,193.3,6958.0,2.71,0.0,0.0
2025-09-05 08:28:52,35022.0,9114.7,9180.5,752.4,746.6,0.6,2564.0,61.1,89.6,2887.4,202.9,7016.5,2.65,0.0,0.0
2025-09-05 08:28:53,34967.9,9060.4,9017.4,750.3,754.3,0.97,2621.8,58.7,89.59,2849.9,212.5,6969.1,2.57,0.0,0.0
2025-09-05 08:28:54,34986.4,9008.7,9075.1,750.5,749.4,1.17,2677.6,60.9,89.68,2959.8,191.6,7001.3,2.5,0.0,0.0
2025-09-05 08:28:55,34999.2,8963.1,8963.0,745.0,755.3,1.52,2561.3,60.6,89.66,2974.2,204.5,7038.5,2.37,0.0,0.0
2025-09-05 08:28:56,34972.6,9002.7,9003.5,746.3,752.4,1.1,2535.9,57.0,89.64,2983.4,210.0,7044.0,2.31,0.0,0.0
2025-09-05 08:28:57,34973.2,9002.1,8854.3,751.1,750.6,1.32,2562.4,57.6,89.64,3072.2,206.5,7062.5,2.28,0.0,0.0
2025-09-05 08:28:58,34986.7,8971.4,8997.9,744.4,753.0,1.03,2556.9,60.0,89.66,2965.1,184.2,7039.8,2.34,0.0,0.0
2025-09-05 08:28:59,34941.2,8940.6,9101.3,750.9,748.9,1.36,2545.1,59.1,89.71,2929.3,202.8,7021.5,2.69,0.1,0.0
2025-09-05 08:29:00,34959.5,9184.0,9178.4,747.7,751.8,0.91,2547.8,59.9,89.61,3021.3,196.2,7017.7,2.59,0.1,0.0
2025-09-05 08:29:01,34988.4,9019.4,9101.7,747.1,752.0,1.43,2618.7,59.1,89.61,3055.7,212.2,7009.0,2.21,0.0,0.0
2025-09-05 08:29:02,35004.2,8948.5,9058.4,752.2,750.2,0.5,2618.9,62.0,89.61,3091.6,198.8,6997.3,2.31,0.0,0.0
2025-09-05 08:29:03,34994.8,8889.3,9004.5,747.6,752.0,0.74,2640.5,57.4,89.63,2943.6,219.5,7078.5,2.78,0.0,0.0
2025-09-05 08:29:04,34950.3,8938.3,8949.0,747.0,747.4,1.68,2614.6,58.1,89.64,2985.9,187.8,6995.9,2.84,0.1,0.0
2025-09-05 08:29:05,34987.0,9061.2,8986.4,747.6,752.6,1.26,2571.6,58.7,89.58,2976.2,205.0,7057.4,2.68,0.0,0.0
2025-09-05 08:29:06,35022.4,9064.5,9052.1,750.1,746.7,0.99,2626.1,58.1,89.65,3083.9,191.3,6994.7,2.93,0.1,0.0
2025-09-05 08:29:07,35015.6,8981.4,8933.3,759.5,752.8,1.78,2566.5,59.2,89.58,3038.7,217.6,7041.6,2.36,0.1,0.0
2025-09-05 08:29:08,34997.8,9004.4,9079.3,742.6,752.3,1.49,2575.6,59.9,89.62,3001.2,215.6,6899.2,2.59,0.1,0.0
2025-09-05 08:29:09,34975.2,8974.1,8916.4,749.9,753.1,1.51,2546.5,58.2,89.62,3040.1,190.9,7004.4,2.38,0.0,0.0
2025-09-05 08:29:10,35017.7,8905.8,8848.8,749.1,748.9,1.11,2630.3,60.5,89.62,2979.9,207.5,6977.3,2.96,0.0,0.0
2025-09-05 08:29:11,34983.8,9110.6,8914.0,753.2,760.9,1.38,2622.6,61.7,89.69,2988.5,199.6,7054.5,2.59,0.0,0.0
2025-09-05 08:29:12,34967.3,9031.7,8858.4,748.7,750.0,1.35,2570.8,61.4,89.7,2997.8,183.9,7052.0,2.59,0.1,0.0
2025-09-05 08:29:13,34977.5,9210.5,8883.4,741.4,751.3,0.8,2576.0,62.7,89.67,2971.9,189.7,6977.3,2.58,0.0,0.0
2025-09-05 08:29:14,35040.6,8935.7,9096.2,754.5,748.2,1.37,2587.9,61.5,89.69,2985.7,201.0,6996.8,2.37,0.0,0.0
2025-09-05 08:29:15,35006.2,8988.3,8983.0,746.1,755.5,1.17,2593.6,59.9,89.62,3019.3,205.1,7032.2,2.5,0.0,0.0
2025-09-05 08:29:16,35032.5,9075.1,9018.6,749.7,749.2,1.55,2615.9,62.4,89.69,3013.1,196.3,7010.6,2.04,0.1,0.0
2025-09-05 08:29:17,34986.6,8979.2,9098.4,745.2,754.1,1.55,2588.5,60.9,89.63,3082.0,202.9,7003.4,2.42,0.0,0.0
2025-09-05 08:29:18,35026.3,8882.0,9107.0,746.1,747.6,1.05,2600.0,62.5,89.64,3047.5,203.1,7034.5,2.31,0.0,0.0
2025-09-05 08:29:19,34983.2,8919.3,8957.1,748.2,751.8,1.06,2533.3,59.7,89.64,2995.5,202.9,6954.3,2.67,0.0,0.0
2025-09-05 08:29:20,34995.6,9008.6,9112.9,752.9,749.5,1.27,2575.1,57.1,89.57,2877.7,188.3,7057.0,2.78,0.0,0.0
2025-09-05 08:29:21,35069.6,9029.2,9032.7,752.9,753.9,1.38,2522.7,58.4,89.6,2917.2,201.4,7016.5,2.57,0.1,0.0
2025-09-05 08:29:22,35021.5,8992.0,9000.3,747.8,749.8,1.11,2647.7,60.2,89.62,2971.5,205.3,6899.7,2.3,0.0,0.0
2025-09-05 08:29:23,34986.0,9085.3,9037.6,751.7,747.9,1.19,2633.9,60.7,89.64,2978.1,185.2,6968.9,2.29,0.0,0.0
2025-09-05 08:29:24,34997.6,9084.4,8878.8,748.6,752.3,1.37,2610.0,59.7,89.62,2926.6,215.3,6998.3,2.66,0.0,0.0
2025-09-05 08:29:25,35009.1,9027.4,8933.2,750.3,746.8,1.33,2623.7,61.3,89.59,2978.4,214.5,7081.0,2.46,0.0,0.0
2025-09-05 08:29:26,35033.9,9002.3,8990.8,750.5,747.6,1.51,2654.7,58.4,89.58,3005.5,201.6,7001.2,2.46,0.0,0.0
2025-09-05 08:29:27,34986.3,8978.5,9051.8,752.1,753.4,1.28,2617.3,59.0,89.63,2964.0,220.7,6948.6,2.29,0.0,0.0
2025-09-05 08:29:28,34951.2,9046.8,8968.4,747.8,744.6,0.99,2528.5,61.3,89.58,2991.2,192.1,7049.4,2.56,0.0,0.0
2025-09-05 08:29:29,34992.2,9078.2,8989.2,749.5,753.3,0.77,2576.9,60.1,89.58,2993.8,190.6,7015.6,2.55,0.0,0.0
2025-09-05 08:29:30,35000.4,9005.2,9082.4,750.7,749.5,1.42,2501.5,60.1,89.62,2960.0,193.8,7001.5,2.68,0.0,0.0
2025-09-05 08:29:31,35003.1,9038.2,9120.0,750.2,747.8,1.13,2555.2,61.9,89.63,2951.0,192.9,7038.6,2.32,0.1,0.0
2025-09-05 08:29:32,35036.9,8972.4,9065.2,747.1,751.6,1.13,2540.0,61.5,89.59,2991.8,218.3,6988.4,2.51,0.0,0.0
2025-09-05 08:29:33,35008.9,8880.0,9107.8,755.9,752.9,1.14,2583.1,58.9,89.55,3013.7,200.5,6998.2,2.23,0.0,0.0
2025-09-05 08:29:34,35022.8,8914.9,8965.6,748.3,748.9,0.82,2596.8,60.3,89.63,2941.1,199.5,7037.6,2.56,0.0,0.0
2025-09-05 08:29:35,34969.2,9065.1,8974.0,752.5,750.2,1.12,2550.5,57.7,89.65,2885.6,203.6,7017.9,2.52,0.0,0.0
2025-09-05 08:29:36,35024.3,9038.0,9027.1,750.6,753.5,0.55,2572.9,60.0,89.6,2945.7,215.8,7036.7,2.44,0.0,0.0
2025-09-05 08:29:37,35058.7,9135.2,8974.4,754.2,753.3,1.11,2592.4,60.5,89.61,3026.7,201.7,6990.0,2.7,0.0,0.0
2025-09-05 08:29:38,35021.6,9004.8,8956.9,742.3,750.7,0.99,2577.0,57.7,89.53,2909.2,196.3,7062.1,2.26,0.0,0.0
2025-09-05 08:29:39,35007.1,9073.5,9140.4,757.0,748.3,1.69,2576.0,62.1,89.66,3049.8,202.7,6953.2,2.83,0.0,0.0
2025-09-05 08:29:40,35004.3,9112.5,8982.9,749.2,747.7,1.33,2498.0,62.7,89.58,2966.1,212.5,6954.9,2.6,0.0,0.0
2025-09-05 08:29:41,35050.0,9084.5,8917.9,745.6,748.9,1.16,2566.5,60.7,89.65,3005.5,198.0,7021.1,2.63,0.0,0.0
2025-09-05 08:29:42,34974.0,8948.3,9041.4,750.4,753.1,1.26,2609.5,61.2,89.59,2955.6,214.0,6992.6,2.57,0.1,0.0
2025-09-05 08:29:43,34996.9,8984.3,9156.0,757.8,752.8,1.4,2590.6,62.0,89.61,3030.6,203.1,7010.5,2.37,0.0,0.0
2025-09-05 08:29:44,35012.9,9011.0,9006.9,751.7,751.9,1.02,2529.5,59.8,89.61,3001.2,198.3,7004.9,2.4,0.0,0.0
2025-09-05 08:29:45,35020.8,8916.2,9104.7,745.6,755.5,1.16,2571.7,61.4,89.54,3018.8,204.9,6998.3,2.71,0.0,0.0
2025-09-05 08:29:46,34987.8,9040.3,8962.8,748.3,749.9,1.13,2590.4,60.5,89.73,2890.7,219.6,6966.4,2.51,0.0,0.0
2025-09-05 08:29:47,35008.6,9087.0,8958.2,754.5,749.6,1.85,2546.8,57.9,89.55,3038.3,197.6,7014.5,2.58,0.0,0.0
2025-09-05 08:29:48,34992.2,8959.1,8941.4,745.0,749.6,1.24,2604.3,58.8,89.62,2905.3,213.7,7049.8,2.45,0.0,0.0
2025-09-05 08:29:49,35003.4,9167.7,8987.8,749.3,757.2,0.71,2552.5,59.2,89.58,2979.8,205.6,6974.4,2.69,0.0,0.0
2025-09-05 08:29:50,34996.3,8975.3,9156.1,748.9,744.1,1.42,2568.8,61.4,89.6,3026.9,201.6,7070.2,2.65,0.0,0.0
2025-09-05 08:29:51,34968.0,8982.7,8901.8,757.4,751.8,1.88,2576.3,60.1,89.67,2987.6,200.6,7058.8,2.25,0.1,0.0
2025-09-05 08:29:52,34999.4,8979.7,9139.2,748.9,752.3,0.97,2657.9,61.3,89.54,3025.8,208.2,6974.2,2.91,0.0,0.0
2025-09-05 08:29:53,35024.6,8939.8,8914.3,754.5,751.1,2.0,2568.6,59.4,89.61,3007.5,206.1,7032.2,2.73,0.0,0.0
2025-09-05 08:29:54,34972.9,9035.5,8980.1,747.5,758.6,1.2,2559.7,58.3,89.63,3003.2,203.7,6965.5,2.69,0.0,0.0
2025-09-05 08:29:55,34993.2,9001.7,9071.0,747.1,754.8,1.47,2604.5,62.8,89.62,2953.4,206.6,6999.6,2.58,0.1,0.0
2025-09-05 08:29:56,35018.6,9141.2,9053.6,753.4,753.4,1.07,2562.8,63.7,89.63,3053.6,191.5,6965.6,2.51,0.0,0.0
2025-09-05 08:29:57,34970.0,9051.6,9024.0,752.1,747.9,1.15,2585.9,60.5,89.58,3060.1,193.6,6985.1,2.69,0.0,0.0
2025-09-05 08:29:58,35005.1,9045.7,8859.8,743.9,752.5,0.9,2500.1,59.7,89.55,2968.5,190.2,6938.9,3.04,0.0,0.0
2025-09-05 08:29:59,34970.3,8981.2,9030.8,752.1,749.7,0.95,2589.2,61.6,89.56,2948.7,196.6,6998.4,2.5,0.0,0.0
2025-09-05 08:30:00,35031.8,8879.8,8913.1,752.1,751.0,0.67,2577.9,58.5,89.59,3009.4,198.0,6967.3,2.29,0.0,0.0
2025-09-05 08:30:01,35064.8,8992.4,9218.4,747.8,751.6,1.51,2533.3,59.7,89.64,2956.4,196.4,6972.9,2.51,0.1,0.0
2025-09-05 08:30:02,35056.6,8927.7,8981.9,750.7,749.3,0.92,2625.8,58.1,89.61,3005.7,205.3,6935.3,2.53,0.0,0.0
2025-09-05 08:30:03,34993.9,9080.9,9016.0,750.8,753.0,1.31,2569.8,60.7,89.67,3043.1,190.7,7005.8,2.71,0.0,0.0
2025-09-05 08:30:04,35020.7,8997.4,8902.5,748.2,756.3,1.3,2571.1,60.3,89.61,3034.6,197.7,7071.2,2.27,0.0,0.0
2025-09-05 08:30:05,35003.4,9141.6,8959.3,747.9,754.3,1.05,2531.8,59.5,89.62,3079.5,208.6,6991.7,2.43,0.0,0.0
2025-09-05 08:30:06,35002.9,9062.5,8890.3,747.6,751.6,1.23,2520.7,59.1,89.62,3023.5,216.7,6999.2,2.45,0.0,0.0
2025-09-05 08:30:07,35043.3,9071.0,9083.4,748.9,744.5,1.19,2557.5,58.0,89.54,2940.7,200.6,6964.7,2.71,0.0,0.0
2025-09-05 08:30:08,34963.1,9019.6,8977.7,745.3,754.5,1.09,2524.0,58.9,89.63,2951.0,211.9,6988.0,2.74,0.0,0.0
2025-09-05 08:30:09,35029.5,9017.7,9047.8,749.7,754.5,1.23,2594.3,61.7,89.56,3027.4,213.6,6974.6,2.56,0.1,0.0
2025-09-05 08:30:10,34998.6,9055.5,8941.8,744.7,750.3,1.23,2607.3,59.5,89.59,3103.0,190.0,6949.9,2.73,0.1,0.0
2025-09-05 08:30:11,35039.4,9078.4,8957.4,750.1,749.4,0.95,2554.5,61.7,89.7,2978.5,202.4,6973.4,2.54,0.0,0.0
2025-09-05 08:30:12,35005.2,8939.6,9109.5,749.6,753.1,0.88,2520.3,58.8,89.55,2947.6,189.7,6986.5,2.54,0.0,0.0
2025-09-05 08:30:13,34981.2,9041.8,8917.4,746.3,748.3,1.0,2562.6,59.9,89.61,3074.7,196.2,7015.5,2.05,0.0,0.0
2025-09-05 08:30:14,35007.8,9222.8,8846.9,752.8,753.6,1.25,2539.1,59.4,89.62,2991.1,204.1,6992.6,2.33,0.0,0.0
2025-09-05 08:30:15,35020.6,8992.4,9034.5,756.6,747.4,1.57,2581.9,59.7,89.61,3036.1,187.6,7014.3,2.29,0.0,0.0
2025-09-05 08:30:16,35001.0,8978.3,8903.0,754.5,747.9,1.59,2582.2,61.0,89.6,3057.2,205.3,7049.8,2.61,0.0,0.0
2025-09-05 08:30:17,35013.7,8941.1,8962.6,745.1,751.0,1.3,2560.8,57.2,89.58,2943.9,198.7,7036.9,2.53,0.0,0.0
2025-09-05 08:30:18,34985.4,8876.9,9077.5,754.3,746.1,1.46,2578.1,61.0,89.68,2978.3,197.7,6989.7,2.29,0.0,0.0
2025-09-05 08:30:19,34940.3,9101.1,8930.4,750.6,751.0,1.25,2611.8,60.9,89.52,2967.4,205.3,6942.2,2.52,0.0,0.0
2025-09-05 08:30:20,35025.2,9005.2,9074.7,749.7,752.7,1.5,2634.8,60.0,89.56,3027.0,191.9,6997.5,2.49,0.0,0.0
2025-09-05 08:30:21,35019.6,9025.5,8942.1,747.8,746.6,1.25,2556.8,60.1,89.66,3033.8,183.3,7007.1,2.59,0.0,0.0
2025-09-05 08:30:22,35004.1,9156.8,9126.7,749.9,754.0,1.32,2600.1,59.7,89.62,2970.7,200.3,7039.1,2.4,0.0,0.0
2025-09-05 08:30:23,35001.9,9213.3,9112.6,754.7,749.1,1.14,2566.4,60.9,89.57,3028.5,192.9,7009.0,2.37,0.0,0.0
2025-09-05 08:30:24,35029.0,8924.5,8959.9,751.8,752.8,1.21,2537.5,60.1,89.56,2900.0,198.1,7101.8,2.76,0.0,0.0
2025-09-05 08:30:25,34987.2,9089.6,8981.9,748.4,751.7,1.7,2619.2,58.9,89.59,3017.1,189.2,6992.8,2.46,0.0,0.0
2025-09-05 08:30:26,34980.2,9053.0,8929.3,747.6,749.5,0.91,2587.9,60.2,89.7,3016.7,190.8,7027.1,2.72,0.0,0.0
2025-09-05 08:30:27,34994.7,9034.0,9017.0,748.4,749.2,1.22,2578.9,61.3,89.62,2998.0,189.9,6971.9,2.33,0.0,0.0
2025-09-05 08:30:28,35033.3,9040.8,9097.7,751.9,745.4,1.06,2586.2,60.5,89.56,2918.4,187.4,6968.8,2.46,0.0,0.0
2025-09-05 08:30:29,34961.2,8998.2,8877.0,756.4,748.7,1.46,2568.0,60.0,89.61,2992.4,192.0,6993.4,2.44,0.0,0.0
2025-09-05 08:30:30,35033.4,9135.3,9078.0,746.2,748.4,1.68,2536.6,60.3,89.57,2939.1,192.3,7011.0,2.31,0.0,0.0
2025-09-05 08:30:31,34982.1,9052.4,8887.5,749.9,756.4,1.13,2635.4,59.3,89.66,3077.3,200.3,7027.9,2.65,0.0,0.0
2025-09-05 08:30:32,34969.2,9029.5,8926.9,748.5,754.3,0.5,2604.6,59.4,89.61,2982.0,231.1,6893.3,2.24,0.0,0.0
2025-09-05 08:30:33,35035.3,9106.2,8848.0,747.3,746.5,1.37,2582.2,57.5,89.65,2986.5,193.9,7043.1,2.56,0.1,0.0
2025-09-05 08:30:34,34997.3,9076.4,9178.9,751.3,753.6,1.37,2606.6,59.8,89.6,2991.7,184.3,7056.1,2.08,0.0,0.0
2025-09-05 08:30:35,34963.6,9039.3,9005.0,751.8,751.7,0.78,2617.6,61.3,89.68,3027.3,205.7,7050.9,2.65,0.0,0.0
2025-09-05 08:30:36,34990.0,9028.0,9020.8,745.0,749.7,1.15,2565.5,59.5,89.61,3002.0,187.8,7033.2,2.52,0.1,0.0
2025-09-05 08:30:37,35026.1,9149.5,8942.5,746.3,752.5,1.2,2592.8,58.8,89.6,3027.1,191.2,6999.2,2.74,0.0,0.0
2025-09-05 08:30:38,35033.4,9043.5,9090.7,754.0,753.6,0.62,2560.8,61.2,89.55,2947.1,196.6,7023.2,2.91,0.0,0.0
2025-09-05 08:30:39,34988.0,8992.6,8821.2,751.0,749.1,1.39,2594.5,60.2,89.58,3058.1,200.4,7048.7,2.37,0.0,0.0
2025-09-05 08:30:40,35011.4,8927.4,9002.3,751.7,750.1,1.33,2562.9,60.2,89.61,2970.9,200.6,6969.5,2.51,0.0,0.0
2025-09-05 08:30:41,35020.0,8971.0,9187.6,748.1,751.5,1.28,2656.8,60.6,89.57,3039.2,202.3,7027.1,2.25,0.1,0.0
2025-09-05 08:30:42,34982.0,8911.0,8967.5,748.6,747.7,0.94,2558.9,60.9,89.69,3010.7,198.8,7021.2,2.41,0.0,0.0
2025-09-05 08:30:43,35009.9,9009.4,9001.5,751.5,751.6,1.03,2589.3,59.9,89.59,3056.4,210.8,6998.6,2.52,0.1,0.0
2025-09-05 08:30:44,34999.1,9022.1,9057.1,748.2,750.7,1.05,2587.3,58.9,89.56,2993.8,208.2,7066.3,2.51,0.0,0.0
2025-09-05 08:30:45,34985.0,8825.9,8931.0,746.0,748.7,1.34,2559.2,62.3,89.63,2917.4,194.6,6979.0,2.67,0.0,0.0
2025-09-05 08:30:46,34986.2,9001.8,9001.9,749.9,748.2,0.96,2603.5,60.1,89.57,2935.0,197.8,6968.9,2.61,0.0,0.0
2025-09-05 08:30:47,35001.9,9055.4,9081.7,753.0,752.0,1.59,2567.7,59.0,89.6,2985.4,186.6,7001.6,2.7,0.0,0.0
2025-09-05 08:30:48,35000.8,9014.4,9016.5,746.3,753.9,1.31,2556.0,60.3,89.58,3073.4,206.4,6981.2,2.37,0.1,0.0
2025-09-05 08:30:49,34984.2,8919.1,9031.5,753.5,752.1,0.65,2570.3,61.6,89.56,2974.9,197.9,7050.0,2.54,0.0,0.0
2025-09-05 08:30:50,34988.1,9108.1,8970.3,752.3,748.2,1.65,2543.8,58.1,89.64,3000.8,218.6,6944.8,2.3,0.0,0.0
2025-09-05 08:30:51,35031.2,8941.0,9026.8,746.9,753.4,1.25,2611.8,61.8,89.59,3066.2,193.2,6957.2,2.47,0.0,0.0
2025-09-05 08:30:52,35006.0,8895.8,9004.7,749.9,751.5,1.07,2591.6,59.8,89.63,2967.1,214.8,7014.0,1.96,0.0,0.0
2025-09-05 08:30:53,35024.8,8908.4,9123.7,749.7,752.9,1.24,2604.0,62.7,89.57,3014.5,190.9,7029.3,2.48,0.1,0.0
2025-09-05 08:30:54,35033.7,8999.0,9061.6,752.1,754.8,0.74,2522.2,60.9,89.53,3013.2,183.4,6961.7,2.52,0.0,0.0
2025-09-05 08:30:55,35016.5,9083.8,8979.3,752.2,748.0,1.26,2578.7,59.9,89.53,2965.1,191.5,7048.8,2.41,0.0,0.0
2025-09-05 08:30:56,35063.6,9099.3,8792.0,745.4,750.5,0.58,2542.2,61.7,89.56,3010.4,203.2,6936.2,2.42,0.0,0.0
2025-09-05 08:30:57,34976.9,9018.0,9060.8,745.2,749.0,0.95,2572.0,61.7,89.58,3054.9,209.8,7039.3,2.16,0.0,0.0
2025-09-05 08:30:58,35022.6,8898.7,9064.2,753.4,748.1,1.56,2613.4,59.5,89.59,3054.9,191.3,6972.2,2.37,0.0,0.0
2025-09-05 08:30:59,34991.1,8944.4,8922.1,750.3,757.6,1.54,2577.6,60.3,89.6,2979.5,209.3,6986.6,2.38,0.0,0.0
2025-09-05 08:31:00,35052.0,8923.9,8830.1,751.3,754.1,1.12,2562.3,59.3,89.53,3156.5,194.7,7066.3,2.55,0.1,0.0
2025-09-05 08:31:01,35047.6,8985.0,8902.9,751.0,745.2,0.96,2607.5,61.2,89.59,3016.9,194.8,7001.3,2.6,0.1,0.0
2025-09-05 08:31:02,34945.3,8849.3,9078.7,755.2,752.4,1.45,2603.5,58.1,89.53,2982.7,196.9,6980.6,2.42,0.0,0.0
2025-09-05 08:31:03,34972.9,9009.6,8909.5,745.7,749.2,1.2,2632.6,59.8,89.55,2958.5,216.0,7011.5,2.48,0.0,0.0
2025-09-05 08:31:04,35018.6,9055.0,8960.9,753.7,754.8,1.27,2502.6,57.2,89.68,2944.2,201.6,7069.2,2.58,0.1,0.0
2025-09-05 08:31:05,35022.1,8987.4,9018.7,747.0,751.3,1.37,2579.1,60.8,89.63,3042.4,202.8,7005.5,2.32,0.0,0.0
2025-09-05 08:31:06,35020.6,9039.2,9104.1,752.4,750.4,0.93,2552.9,57.0,89.57,2840.7,185.1,6976.1,2.71,0.0,0.0
2025-09-05 08:31:07,34998.0,8920.3,8998.5,754.5,751.5,1.42,2536.7,58.6,89.65,2989.5,201.5,7010.4,2.91,0.1,0.0
2025-09-05 08:31:08,35012.7,8876.4,8991.5,745.1,752.2,0.66,2571.1,60.4,89.64,2922.9,202.6,6959.7,2.58,0.0,0.0
2025-09-05 08:31:09,35018.3,8945.9,8953.3,751.3,751.1,1.59,2526.2,59.5,89.61,2988.5,215.8,6979.0,2.41,0.0,0.0
2025-09-05 08:31:10,34997.8,9098.4,9138.6,748.9,750.3,0.8,2488.6,59.4,89.64,2995.9,191.3,6983.2,2.55,0.0,0.0
2025-09-05 08:31:11,35028.8,9087.6,9090.6,748.9,750.5,1.05,2535.0,58.7,89.57,2926.6,192.9,7025.7,2.74,0.0,0.0
2025-09-05 08:31:12,34936.7,8961.2,8991.9,750.0,752.7,1.04,2557.3,59.4,89.57,2944.0,190.8,6985.8,2.76,0.0,0.0
2025-09-05 08:31:13,35017.7,9102.4,8881.3,746.2,747.3,1.4,2631.6,57.7,89.54,3066.9,193.5,7019.7,2.23,0.0,0.0
2025-09-05 08:31:14,34971.0,8972.5,8932.8,746.5,751.0,1.41,2540.9,60.4,89.6,2967.7,206.4,7043.0,2.57,0.0,0.0
2025-09-05 08:31:15,35026.8,9128.6,9049.3,752.2,750.6,1.3,2525.0,61.1,89.53,2997.4,192.0,7058.0,2.36,0.0,0.0
2025-09-05 08:31:16,34993.6,9041.1,8938.7,752.8,749.4,1.35,2496.6,61.0,89.55,2980.6,212.3,6943.6,2.42,0.0,0.0
2025-09-05 08:31:17,34975.1,8961.6,9075.8,747.9,753.4,1.33,2553.3,60.0,89.59,3043.0,200.1,7000.7,2.56,0.0,0.0
2025-09-05 08:31:18,35010.5,9067.7,9030.7,744.8,746.8,1.19,2557.0,61.6,89.55,3064.2,190.9,6962.3,2.61,0.0,0.0
2025-09-05 08:31:19,34974.5,8934.2,9024.9,757.9,749.8,0.71,2570.5,60.6,89.59,3047.8,193.4,7024.9,2.45,0.0,0.0
2025-09-05 08:31:20,34974.4,8920.5,9055.5,753.7,748.2,0.61,2514.5,61.3,89.65,3027.9,186.4,7011.1,2.33,0.0,0.0
2025-09-05 08:31:21,34956.1,8876.7,9042.4,751.1,752.8,0.61,2538.3,60.5,89.53,3028.4,185.6,7001.8,2.46,0.0,0.0
2025-09-05 08:31:22,34999.3,9022.0,8927.3,746.3,749.5,1.2,2485.4,60.1,89.63,2933.1,211.1,6983.6,2.3,0.0,0.0
2025-09-05 08:31:23,35013.9,8995.5,8972.3,747.9,751.2,1.15,2570.5,59.0,89.54,3069.0,208.4,6968.4,2.85,0.0,0.0
2025-09-05 08:31:24,35028.6,8993.4,9198.9,750.7,752.3,1.17,2509.5,56.5,89.53,2967.3,190.2,6943.1,2.19,0.0,0.0
2025-09-05 08:31:25,34996.0,8965.2,8897.3,746.6,745.8,1.27,2468.1,60.9,89.58,2949.4,195.4,7036.0,2.62,0.1,0.0
2025-09-05 08:31:26,35029.3,9122.2,8959.7,755.4,752.5,1.15,2604.7,59.9,89.61,2977.3,215.5,6995.3,2.53,0.0,0.0
2025-09-05 08:31:27,35000.5,8964.0,9090.6,750.4,748.6,0.95,2581.6,62.7,89.54,2954.5,192.7,7003.4,2.5,0.0,0.0
2025-09-05 08:31:28,34997.4,8938.5,8986.5,751.2,750.2,0.82,2576.1,57.4,89.54,3020.2,201.9,7013.5,2.29,0.0,0.0
2025-09-05 08:31:29,35016.1,9105.9,8931.0,746.3,750.6,0.72,2575.9,61.1,89.55,3037.1,204.7,7030.0,2.4,0.0,0.0
2025-09-05 08:31:30,35029.6,9120.8,8887.5,746.7,753.6,1.53,2527.2,58.7,89.54,3067.5,197.8,7068.3,2.44,0.0,0.0
2025-09-05 08:31:31,34990.4,9028.8,9045.6,747.2,753.4,1.45,2600.9,60.0,89.58,2992.6,197.9,6996.1,2.39,0.1,0.0
2025-09-05 08:31:32,34993.2,8852.1,9086.7,750.8,756.8,0.86,2526.4,58.8,89.54,2965.4,196.4,7025.2,2.45,0.0,0.0
2025-09-05 08:31:33,34995.5,8949.0,9119.0,749.0,751.6,1.14,2629.8,60.5,89.56,2982.6,200.9,6945.2,2.52,0.0,0.0
2025-09-05 08:31:34,35002.3,9052.1,9004.6,748.9,749.4,1.32,2570.7,60.0,89.58,2934.0,184.4,6988.6,2.41,0.0,0.0
2025-09-05 08:31:35,34974.8,9001.5,9088.8,751.0,749.4,1.63,2498.1,61.2,89.55,2957.7,200.2,6977.4,2.59,0.0,0.0
2025-09-05 08:31:36,35028.8,9132.1,8912.2,750.7,753.1,1.05,2592.9,60.2,89.61,3106.5,201.5,6980.4,2.65,0.0,0.0
2025-09-05 08:31:37,34988.8,8883.8,9014.3,755.0,756.2,1.25,2631.3,60.6,89.54,2955.8,186.7,7042.7,2.39,0.0,0.0
2025-09-05 08:31:38,35012.9,9057.7,8942.4,749.2,752.1,1.51,2553.2,61.7,89.53,2972.8,204.1,7006.1,2.65,0.1,0.0
2025-09-05 08:31:39,34976.9,8946.7,9014.8,746.4,749.1,0.76,2599.3,60.7,89.65,3032.0,190.6,7004.5,2.51,0.0,0.0
2025-09-05 08:31:40,35010.0,8946.7,9063.8,749.8,751.9,1.02,2554.4,59.8,89.62,3011.7,174.0,7004.9,2.39,0.1,0.0
2025-09-05 08:31:41,35011.0,8621.7,9090.9,754.9,751.8,1.2,2539.7,61.7,89.57,3039.5,180.7,6994.4,2.59,0.0,0.0
2025-09-05 08:31:42,34988.2,8296.7,8915.9,748.0,751.1,1.02,2471.1,59.9,89.6,2950.5,200.6,6994.5,2.72,0.2,0.0
2025-09-05 08:31:43,35056.6,8296.7,9107.7,750.0,748.6,1.76,2604.6,60.6,89.58,2939.7,205.2,6979.8,2.44,0.0,0.0
2025-09-05 08:31:44,35010.4,8621.7,8959.7,748.6,742.7,1.44,2545.6,59.6,89.54,3069.6,195.5,6983.7,2.14,0.0,0.0
2025-09-05 08:31:45,35049.8,8946.7,8912.8,751.3,749.2,1.26,2574.3,59.1,89.59,2960.9,185.4,6987.6,2.66,0.1,0.0
2025-09-05 08:31:46,35026.9,8948.4,8985.5,750.8,754.4,0.96,2521.1,56.0,89.57,2992.4,198.1,6996.3,2.7,0.0,0.0
2025-09-05 08:31:47,34981.5,8912.9,8875.7,747.1,751.7,1.43,2528.8,60.9,89.61,3009.4,208.6,6937.3,2.28,0.1,0.0
2025-09-05 08:31:48,34989.3,9102.0,9000.4,749.1,743.8,1.37,2599.6,58.5,89.49,2897.2,199.2,7004.8,2.47,0.0,0.0
2025-09-05 08:31:49,35012.2,9113.8,9024.6,753.1,751.0,1.07,2546.8,61.0,89.59,2987.3,185.2,7001.2,2.59,0.0,0.0
2025-09-05 08:31:50,35001.7,9023.2,8983.0,753.7,745.0,1.09,2546.1,62.4,89.57,2962.4,204.2,7017.0,2.03,0.0,0.0
2025-09-05 08:31:51,35001.4,8912.1,9045.6,753.1,757.5,0.83,2515.9,58.3,89.53,3026.3,197.7,6963.6,2.66,0.0,0.0
2025-09-05 08:31:52,34992.0,8989.9,8973.3,752.9,751.6,1.19,2567.2,61.2,89.54,2980.8,197.9,6969.9,2.64,0.0,0.0
2025-09-05 08:31:53,34949.4,8941.7,9000.3,748.7,747.1,1.43,2586.9,59.9,89.54,2875.3,200.2,7030.1,2.66,0.0,0.0
2025-09-05 08:31:54,34993.7,9123.6,8877.5,748.6,753.6,1.47,2543.4,60.6,89.5,3040.7,205.1,6977.1,2.8,0.0,0.0
2025-09-05 08:31:55,34937.9,9026.9,9003.6,753.1,748.4,1.36,2552.8,58.4,89.53,2858.6,198.6,7018.6,2.29,0.0,0.0
2025-09-05 08:31:56,35010.4,9041.6,8927.7,745.8,752.8,1.42,2516.4,60.0,89.59,2975.4,190.2,6978.5,2.69,0.0,0.0
2025-09-05 08:31:57,34979.7,8966.0,8961.8,749.7,751.1,1.05,2608.2,60.2,89.5,2960.0,198.5,6960.1,2.95,0.0,0.0
2025-09-05 08:31:58,34980.0,8829.0,8992.0,743.5,747.1,1.08,2537.2,61.9,89.54,2964.4,200.9,6951.1,2.05,0.0,0.0
2025-09-05 08:31:59,34993.9,8934.5,9016.2,748.6,753.2,1.52,2553.3,62.9,89.46,2997.0,211.2,6980.6,2.42,0.0,0.0
2025-09-05 08:32:00,35007.6,8905.1,8860.0,747.5,746.6,1.33,2617.6,60.4,89.53,3049.5,187.6,6985.4,2.64,0.0,0.0
2025-09-05 08:32:01,34959.9,9031.5,8867.1,745.7,755.4,1.0,2550.5,59.5,89.57,2950.2,198.2,6959.0,2.35,0.0,0.0
2025-09-05 08:32:02,34951.0,9008.2,8974.3,751.9,751.2,1.34,2503.8,63.0,89.55,2964.4,191.0,7050.8,2.13,0.1,0.0
2025-09-05 08:32:03,34970.2,8931.9,9040.3,747.4,747.6,1.42,2525.6,59.9,89.56,3038.2,202.2,7002.1,2.56,0.1,0.0
2025-09-05 08:32:04,34942.8,8967.0,9030.6,748.6,745.1,1.39,2545.3,59.9,89.51,3025.3,194.3,6970.3,2.53,0.0,0.0
2025-09-05 08:32:05,34972.9,9133.2,9075.9,749.0,756.3,1.24,2620.3,60.1,89.58,3036.8,169.5,7053.0,2.35,0.0,0.0
2025-09-05 08:32:06,35044.5,8918.5,9110.6,747.4,755.7,1.07,2565.5,60.6,89.52,3015.9,208.9,7029.9,2.55,0.0,0.0
2025-09-05 08:32:07,34970.4,8922.0,9042.2,754.8,746.9,1.31,2549.6,61.0,89.59,2984.5,193.1,6974.8,2.68,0.0,0.0
2025-09-05 08:32:08,35018.2,8980.6,8998.3,748.2,756.4,1.65,2586.4,59.2,89.56,2971.1,188.9,6965.6,2.7,0.0,0.0
2025-09-05 08:32:09,34961.6,8940.6,8912.3,750.6,751.5,1.25,2602.9,59.9,89.54,2971.9,184.8,6994.7,2.58,0.0,0.0
2025-09-05 08:32:10,35008.4,8963.6,8919.6,745.4,750.3,1.03,2530.4,62.5,89.61,3047.1,189.1,7026.4,2.25,0.0,0.0
2025-09-05 08:32:11,34991.0,9045.2,8960.3,748.3,750.7,1.3,2607.2,62.1,89.53,3079.2,186.9,6952.5,2.43,0.0,0.0
2025-09-05 08:32:12,34998.3,9147.2,9022.7,748.8,750.1,0.89,2586.9,60.6,89.59,3105.7,198.2,7041.1,2.04,0.0,0.0
2025-09-05 08:32:13,35015.9,8848.7,9018.8,748.8,755.7,1.27,2572.3,60.4,89.55,2941.1,201.0,6987.9,2.28,0.1,0.0
2025-09-05 08:32:14,35049.2,8998.4,9000.4,747.9,751.5,1.13,2473.3,59.7,89.55,2984.8,198.8,7030.4,2.53,0.0,0.0
2025-09-05 08:32:15,35005.5,9003.5,8987.0,750.4,745.0,1.46,2563.1,61.4,89.59,2998.0,203.1,6996.6,2.6,0.0,0.0
2025-09-05 08:32:16,35003.5,8992.9,9053.6,755.2,757.8,1.23,2605.1,59.3,89.57,2988.8,191.4,7018.4,2.49,0.0,0.0
2025-09-05 08:32:17,34972.7,8984.1,9017.7,749.4,753.9,1.48,2546.3,60.2,89.55,2936.3,205.5,7023.7,2.49,0.0,0.0
2025-09-05 08:32:18,35016.3,8971.1,9025.3,749.4,747.4,1.81,2637.0,59.4,89.54,3116.7,198.5,7046.3,2.1,0.0,0.0
2025-09-05 08:32:19,34993.1,9085.4,9026.2,748.5,749.8,1.15,2558.2,59.2,89.55,3080.1,203.9,6976.8,2.24,0.1,0.0
2025-09-05 08:32:20,35023.3,8960.5,8953.6,758.6,748.0,0.99,2519.7,60.1,89.55,2988.9,205.6,7067.3,2.26,0.0,0.0
2025-09-05 08:32:21,34998.8,8989.2,8912.4,755.4,751.2,1.33,2576.2,60.0,89.53,2973.0,196.0,6957.5,2.38,0.1,0.0
2025-09-05 08:32:22,35048.7,9000.0,9041.7,751.8,752.3,1.18,2565.5,59.2,89.5,2997.4,211.7,7012.7,2.37,0.0,0.0
2025-09-05 08:32:23,34944.5,9009.1,9035.4,752.3,751.8,1.24,2584.3,59.9,89.44,2931.9,207.4,7025.2,2.93,0.0,0.0
2025-09-05 08:32:24,34991.7,8985.5,8981.3,747.4,749.0,1.05,2547.0,60.1,89.54,2979.3,195.6,7002.6,2.69,0.0,0.0
2025-09-05 08:32:25,35024.7,9084.9,8964.7,749.4,748.4,1.35,2600.6,59.4,89.53,3040.0,216.8,7032.5,2.29,0.0,0.0
2025-09-05 08:32:26,34990.2,8999.3,9193.7,750.6,753.8,1.22,2535.0,59.1,89.59,3088.2,215.9,6945.8,2.36,0.0,0.0
2025-09-05 08:32:27,34977.8,9014.8,8935.5,750.3,750.7,0.64,2559.0,59.8,89.56,3046.4,184.6,7000.2,2.38,0.0,0.0
2025-09-05 08:32:28,34992.6,8995.6,8981.5,746.9,758.4,1.14,2510.3,61.0,89.59,3068.7,177.6,7036.3,2.37,0.0,0.0
2025-09-05 08:32:29,34961.4,8914.7,9022.6,747.2,748.4,1.29,2525.9,61.5,89.61,2940.2,193.5,7002.0,2.39,0.0,0.0
2025-09-05 08:32:30,35003.3,8929.5,8901.9,751.7,753.6,1.51,2561.1,60.3,89.54,2820.9,204.2,6963.4,2.08,0.1,0.0
2025-09-05 08:32:31,35068.3,8910.7,9010.0,751.0,751.2,1.06,2530.6,59.7,89.51,3073.2,208.8,7007.4,2.73,0.1,0.0
2025-09-05 08:32:32,35032.1,9016.4,9152.8,742.7,748.5,1.0,2537.8,60.0,89.57,3007.9,206.1,7008.6,2.63,0.0,0.0
2025-09-05 08:32:33,34968.9,8939.4,9079.4,750.2,755.5,1.5,2546.2,62.6,89.52,2993.4,199.5,6967.7,2.62,0.0,0.0
2025-09-05 08:32:34,34975.5,8909.8,9053.7,754.3,751.4,1.05,2562.2,61.2,89.53,3089.3,209.1,7047.7,2.51,0.0,0.0
2025-09-05 08:32:35,34988.7,9020.2,9050.4,747.7,748.1,1.23,2580.2,58.8,89.6,2945.2,206.6,6983.3,2.58,0.0,0.0
2025-09-05 08:32:36,35028.1,9044.6,9009.5,750.7,750.0,1.33,2580.1,60.0,89.56,2945.6,195.4,6966.4,2.42,0.0,0.0
2025-09-05 08:32:37,34977.0,8850.3,9081.5,744.9,754.3,1.4,2588.9,59.3,89.58,2957.2,201.4,7005.6,2.1,0.1,0.0
2025-09-05 08:32:38,34980.7,9143.6,8986.8,752.7,747.0,1.21,2559.9,59.5,89.48,3086.4,210.0,6979.3,2.52,0.0,0.0
2025-09-05 08:32:39,35024.8,9002.7,8964.1,746.1,755.5,0.92,2533.3,57.8,89.54,3049.7,193.4,6995.3,2.5,0.0,0.0
2025-09-05 08:32:40,35024.2,8991.1,9008.7,745.6,753.2,1.47,2496.4,60.1,89.58,2900.3,193.5,7010.2,2.23,0.0,0.0
2025-09-05 08:32:41,34989.5,9090.7,9077.0,748.8,750.1,1.09,2539.9,58.2,89.49,3088.7,191.5,6987.6,2.04,0.0,0.0
2025-09-05 08:32:42,34968.7,9005.9,9028.1,758.0,755.4,1.07,2523.9,59.2,89.54,2998.7,213.9,7022.4,2.72,0.1,0.0
2025-09-05 08:32:43,34956.6,8948.7,9057.3,747.8,756.7,1.73,2487.7,62.0,89.55,3021.3,206.2,7012.0,2.29,0.0,0.0
2025-09-05 08:32:44,34980.4,9186.5,8827.9,745.6,753.0,1.43,2609.9,61.4,89.44,2955.5,207.9,7043.7,2.45,0.0,0.0
2025-09-05 08:32:45,34937.5,8908.7,9101.4,751.5,751.6,0.93,2486.5,58.9,89.6,3101.0,196.1,6967.0,2.35,0.0,0.0
2025-09-05 08:32:46,35021.0,8991.7,9199.0,750.7,757.0,1.08,2564.0,58.6,89.51,3021.9,199.4,7003.9,2.83,0.0,0.0
2025-09-05 08:32:47,34982.4,9072.0,9113.5,755.6,755.9,1.14,2570.9,58.8,89.53,3070.1,211.6,7010.5,2.19,0.0,0.0
2025-09-05 08:32:48,35013.5,8909.1,8973.0,745.5,748.0,1.01,2542.8,57.5,89.6,2943.1,197.0,7011.5,2.7,0.0,0.0
2025-09-05 08:32:49,35052.3,8991.3,8927.9,744.4,750.3,0.71,2642.4,58.7,89.46,3036.3,211.3,6929.3,1.98,0.0,0.0
2025-09-05 08:32:50,35032.8,9032.9,9023.6,748.8,750.3,1.41,2551.5,59.7,89.55,3002.9,199.5,6965.2,2.67,0.0,0.0
2025-09-05 08:32:51,34967.8,9204.1,8916.1,751.2,749.7,1.41,2523.5,58.6,89.51,2985.5,199.5,7013.2,2.39,0.0,0.0
2025-09-05 08:32:52,35024.3,8924.1,9061.7,751.1,746.1,1.27,2612.7,61.0,89.53,2953.2,205.1,7021.8,2.04,0.0,0.0
2025-09-05 08:32:53,35032.4,8995.9,8955.3,753.6,754.0,1.1,2521.9,60.0,89.5,2959.4,208.1,7003.3,2.5,0.0,0.0
2025-09-05 08:32:54,34979.1,9056.0,9081.7,744.8,751.3,1.26,2499.3,59.3,89.59,2933.6,216.8,7008.4,2.47,0.0,0.0
2025-09-05 08:32:55,34973.3,9006.9,9115.8,747.1,751.3,1.37,2514.3,62.4,89.49,2961.4,196.4,7044.3,2.17,0.0,0.0
2025-09-05 08:32:56,34996.9,8897.8,8827.3,749.4,755.6,0.93,2527.0,61.0,89.54,2996.5,216.2,6989.8,2.56,0.0,0.0
2025-09-05 08:32:57,34955.2,9034.7,9024.9,752.8,749.1,1.12,2551.2,60.1,89.55,3029.9,192.3,6975.5,2.48,0.0,0.0
2025-09-05 08:32:58,35041.2,9009.1,8940.6,751.5,750.8,1.06,2561.4,62.5,89.53,2912.1,191.4,7053.7,2.59,0.0,0.0
2025-09-05 08:32:59,34932.6,9037.9,8880.2,748.4,751.9,1.39,2495.4,61.8,89.52,2940.9,178.0,7022.9,2.21,0.0,0.0
2025-09-05 08:33:00,34969.0,9096.2,8947.5,746.4,749.6,1.27,2561.5,61.8,89.52,2964.1,208.0,6996.0,2.34,0.1,0.0
2025-09-05 08:33:01,34992.5,9086.1,8981.4,752.9,750.6,0.87,2628.0,47.5,89.57,2907.7,214.2,6977.1,2.29,0.0,0.0
2025-09-05 08:33:02,34993.6,9034.7,9087.9,753.2,753.5,1.04,2523.4,47.5,89.55,2982.0,188.1,7057.1,2.51,0.0,0.0
2025-09-05 08:33:03,35004.7,9026.4,8870.7,759.2,751.0,1.66,2543.9,54.6,89.52,2983.3,196.6,6992.2,2.38,0.0,0.0
2025-09-05 08:33:04,35007.6,8906.6,9089.3,749.3,755.4,0.95,2573.1,61.8,89.48,2987.3,197.3,6973.8,2.29,0.1,0.0
2025-09-05 08:33:05,34994.0,8988.6,9171.5,755.5,748.5,1.24,2591.0,62.0,89.53,3020.5,184.6,7045.6,2.77,0.1,0.0
2025-09-05 08:33:06,35031.8,9018.7,9050.8,745.7,751.7,1.04,2524.4,58.3,89.55,3049.7,200.5,6951.2,2.38,0.0,0.0
2025-09-05 08:33:07,34940.1,8965.9,9046.4,748.0,746.3,1.53,2513.8,60.7,89.52,3041.9,202.7,6996.5,2.71,0.0,0.0
2025-09-05 08:33:08,35000.0,9008.3,8998.9,747.6,750.6,1.19,2512.0,57.8,89.58,3013.2,194.9,7023.4,2.66,0.0,0.0
2025-09-05 08:33:09,34980.0,8929.8,8900.1,748.3,748.7,1.09,2586.5,61.5,89.45,3030.4,189.8,6991.9,2.34,0.0,0.0
2025-09-05 08:33:10,35003.7,9130.4,9045.5,746.9,755.5,0.9,2579.4,60.0,89.62,2954.0,201.1,6983.9,2.12,0.0,0.0
2025-09-05 08:33:11,35006.2,9182.9,9032.6,748.0,753.4,1.14,2470.4,59.6,89.52,2945.9,205.6,7016.8,2.53,0.0,0.0
2025-09-05 08:33:12,34974.5,8966.9,9062.2,749.7,752.7,1.42,2471.1,61.7,89.48,3033.4,186.0,6959.8,2.62,0.1,0.0
2025-09-05 08:33:13,34982.1,9034.0,9218.4,748.4,757.1,1.38,2503.0,60.0,89.45,3028.9,198.8,6994.2,2.72,0.1,0.0
2025-09-05 08:33:14,35022.2,8980.1,9061.9,752.2,755.7,0.86,2493.5,59.7,89.56,3118.8,205.3,7026.5,2.57,0.0,0.0
2025-09-05 08:33:15,35009.8,9107.3,9036.2,749.6,753.4,1.61,2561.1,61.2,89.54,2985.4,172.5,6964.0,2.58,0.0,0.0
2025-09-05 08:33:16,34981.0,9037.0,9132.8,749.9,748.7,1.14,2554.2,59.6,89.51,2943.4,202.9,7049.5,2.36,0.0,0.0
2025-09-05 08:33:17,35057.1,9006.6,8885.7,755.0,746.2,0.93,2615.8,61.2,89.52,3013.9,216.6,6994.7,2.34,0.0,0.0
2025-09-05 08:33:18,35064.7,8981.0,8902.9,751.0,750.9,1.24,2574.3,60.0,89.53,2973.1,187.3,6999.6,3.14,0.0,0.0
2025-09-05 08:33:19,34959.1,9010.7,8968.1,750.4,749.8,1.04,2550.2,61.1,89.5,2948.7,212.6,6985.6,2.72,0.1,0.0
2025-09-05 08:33:20,35008.5,8915.0,8944.3,749.8,748.9,1.05,2587.7,60.9,89.56,3073.1,196.9,7022.0,2.22,0.0,0.0
2025-09-05 08:33:21,35070.3,9057.4,9059.0,750.1,750.0,1.04,2513.9,61.1,89.54,3104.1,205.7,6986.0,2.55,0.0,0.0
2025-09-05 08:33:22,35021.9,8939.3,8973.0,751.9,745.6,1.18,2495.8,58.7,89.51,3018.3,198.3,7010.2,2.58,0.0,0.0
2025-09-05 08:33:23,35006.2,9045.5,9147.9,747.1,755.9,1.07,2546.4,62.5,89.45,2961.8,188.7,7045.8,2.13,0.0,0.0
2025-09-05 08:33:24,34994.2,9011.0,9129.2,753.8,747.2,0.76,2578.4,59.8,89.57,3012.0,183.1,7045.6,2.43,0.1,0.0
2025-09-05 08:33:25,34984.8,9093.1,9065.5,755.3,748.8,1.34,2487.4,62.4,89.5,2994.9,223.1,6950.0,2.6,0.0,0.0
2025-09-05 08:33:26,34994.0,8998.6,8967.2,753.9,752.9,1.07,2576.5,59.2,89.47,2921.2,186.8,7048.8,2.82,0.0,0.0
2025-09-05 08:33:27,34984.6,9087.0,9052.4,748.2,745.6,1.51,2575.1,59.7,89.57,3043.9,197.2,6985.3,2.82,0.0,0.0
2025-09-05 08:33:28,35020.9,8921.6,9068.9,744.4,754.0,1.34,2526.6,59.7,89.54,3016.9,213.7,7012.8,2.42,0.0,0.0
2025-09-05 08:33:29,34988.9,9051.8,8909.3,748.4,754.1,1.36,2550.3,61.6,89.43,3067.2,202.8,7005.9,2.43,0.0,0.0
2025-09-05 08:33:30,34987.6,8981.0,9029.6,750.4,750.0,1.25,2534.4,59.5,89.45,2967.3,201.5,7011.9,2.4,0.1,0.0
2025-09-05 08:33:31,34966.3,9016.5,9060.0,752.7,747.4,1.54,2546.8,60.6,89.5,2997.0,180.2,6981.4,2.54,0.1,0.0
2025-09-05 08:33:32,34998.6,9006.1,9018.4,749.3,749.4,1.12,2572.4,57.9,89.46,2991.6,193.8,7022.3,2.66,0.0,0.0
2025-09-05 08:33:33,34975.0,9079.6,9133.5,748.9,744.9,0.95,2515.0,59.4,89.51,2902.8,186.8,7037.0,2.28,0.0,0.0
2025-09-05 08:33:34,34994.9,8828.3,9103.2,755.1,755.6,1.29,2580.4,60.3,89.62,3136.6,182.3,6982.1,2.45,0.0,0.0
2025-09-05 08:33:35,35029.2,9027.5,8929.8,747.6,751.2,0.5,2574.2,59.9,89.63,2882.5,203.4,7001.6,2.37,0.1,0.0
2025-09-05 08:33:36,35010.2,8873.0,9010.6,753.6,748.6,1.11,2575.3,57.5,89.51,2934.8,208.0,7030.2,2.33,0.0,0.0
2025-09-05 08:33:37,35014.1,9102.6,8929.0,753.0,748.0,1.26,2472.9,60.7,89.54,2978.4,192.3,7039.3,2.39,0.0,0.0
2025-09-05 08:33:38,35010.0,8832.3,9049.3,745.3,752.9,1.1,2476.6,58.7,89.55,2911.7,193.5,7013.8,2.86,0.1,0.0
2025-09-05 08:33:39,35001.7,8914.7,8926.3,750.9,756.0,1.53,2567.2,62.6,89.51,3021.3,204.1,7011.5,2.84,0.0,0.0
2025-09-05 08:33:40,34996.4,8857.7,9078.5,748.0,746.8,1.38,2521.6,59.8,89.45,2972.5,208.4,7018.9,2.79,0.0,0.0
2025-09-05 08:33:41,34991.4,9139.3,9033.0,746.6,749.1,1.23,2517.7,63.1,89.55,3002.3,189.5,6990.6,2.16,0.0,0.0
2025-09-05 08:33:42,35021.3,8890.4,9082.5,743.6,745.2,1.1,2514.9,60.9,89.5,3011.1,211.3,7013.8,2.55,0.1,0.0
2025-09-05 08:33:43,34969.6,9009.7,8987.7,744.5,753.2,1.49,2494.2,60.6,89.53,3002.4,209.0,6992.7,2.98,0.1,0.0
2025-09-05 08:33:44,35037.5,8954.5,8876.2,751.3,751.5,1.03,2531.5,59.4,89.54,3003.7,199.9,6990.5,2.58,0.0,0.0
2025-09-05 08:33:45,35001.0,8847.0,9150.1,748.6,758.5,1.1,2515.9,59.9,89.48,2990.0,189.0,6921.3,2.35,0.0,0.0
2025-09-05 08:33:46,34979.0,8971.3,8985.3,750.8,750.6,1.4,2518.1,60.6,89.57,3022.0,205.4,6940.3,2.61,0.0,0.0
2025-09-05 08:33:47,34986.3,9056.3,9117.0,746.3,749.6,1.36,2558.3,57.4,89.51,3043.2,206.6,7014.9,2.44,0.0,0.0
2025-09-05 08:33:48,34981.0,8984.3,9036.6,748.8,748.7,1.73,2499.0,61.4,89.52,2984.3,217.0,7027.6,2.41,0.0,0.0
2025-09-05 08:33:49,35004.5,9080.0,9057.3,749.0,753.8,1.15,2580.9,58.5,89.49,2973.8,194.0,7017.4,2.54,0.1,0.0
2025-09-05 08:33:50,34979.9,8969.2,9155.5,744.6,745.6,0.72,2461.7,59.7,89.53,2976.3,215.4,7005.5,2.59,0.0,0.0
2025-09-05 08:33:51,35032.0,9000.6,9028.9,744.2,753.5,1.37,2629.7,56.3,89.55,3015.6,196.4,6991.6,2.46,0.0,0.0
2025-09-05 08:33:52,34978.1,8967.3,9119.0,751.4,751.8,1.53,2492.0,60.6,89.48,2978.2,205.0,7021.4,2.49,0.1,0.0
2025-09-05 08:33:53,34936.4,9029.2,8873.8,750.4,749.3,1.16,2561.0,61.0,89.53,2977.5,198.8,6987.9,2.29,0.1,0.0
2025-09-05 08:33:54,34979.5,9161.4,9074.0,746.7,748.0,1.6,2572.5,60.4,89.49,2915.2,200.7,7001.4,2.48,0.0,0.0
2025-09-05 08:33:55,34943.8,9030.8,8979.4,749.6,754.5,1.66,2539.7,60.5,89.45,3105.6,214.2,7053.0,2.64,0.0,0.0
2025-09-05 08:33:56,34998.9,9016.5,8988.6,752.2,757.2,1.03,2566.2,59.5,89.49,2930.4,193.2,6953.6,2.51,0.0,0.0
2025-09-05 08:33:57,35029.7,8947.4,9000.7,756.2,749.5,1.08,2535.7,60.2,89.53,3091.9,208.0,6980.9,2.46,0.0,0.0
2025-09-05 08:33:58,35018.1,8935.8,9029.5,746.9,752.8,0.88,2476.7,61.7,89.52,3043.1,197.2,6993.1,2.2,0.1,0.0
2025-09-05 08:33:59,34962.5,9124.4,9140.9,752.0,756.8,1.34,2551.5,59.5,89.54,3055.8,199.5,6935.4,2.72,0.0,0.0
2025-09-05 08:34:00,34978.7,8905.5,8842.4,757.2,748.9,1.39,2579.8,60.7,89.47,3013.4,192.9,6960.4,2.26,0.0,0.0
2025-09-05 08:34:01,35049.8,8922.4,9003.7,750.1,750.2,1.36,2519.2,61.0,89.49,3026.3,201.8,7038.0,2.63,0.1,0.0
2025-09-05 08:34:02,35008.9,8991.7,8939.1,754.9,747.0,0.88,2478.3,59.7,89.5,3015.2,180.3,7019.2,2.42,0.0,0.0
2025-09-05 08:34:03,35000.1,8963.8,9099.1,741.0,750.5,1.0,2517.1,60.3,89.52,3032.0,197.3,6996.7,2.65,0.0,0.0
2025-09-05 08:34:04,35029.6,9166.3,8964.0,754.9,750.7,0.83,2550.0,60.3,89.49,3045.8,209.8,7046.6,2.7,0.0,0.0
2025-09-05 08:34:05,35068.7,8798.9,9038.8,749.9,749.6,0.79,2549.0,59.4,89.46,3083.8,208.1,6967.9,2.43,0.0,0.0
2025-09-05 08:34:06,35036.3,9030.7,8966.2,743.5,748.5,0.85,2577.4,63.3,89.44,2944.2,184.0,7067.8,1.88,0.0,0.0
2025-09-05 08:34:07,35003.9,9060.6,9056.8,752.6,745.7,0.79,2557.7,59.4,89.54,3026.5,188.9,6999.7,2.08,0.1,0.0
2025-09-05 08:34:08,35009.9,8904.8,9086.3,753.5,746.5,1.15,2555.8,62.3,89.54,3089.2,195.8,6981.2,2.29,0.0,0.0
2025-09-05 08:34:09,35017.3,8945.2,8966.2,754.0,747.8,1.31,2466.2,61.5,89.47,3077.0,218.2,7039.4,2.31,0.0,0.0
2025-09-05 08:34:10,34982.8,9036.8,9004.2,754.0,753.1,1.36,2616.8,57.3,89.56,2942.5,195.7,7019.9,2.55,0.1,0.0
2025-09-05 08:34:11,34970.4,9138.5,8879.3,749.8,749.3,1.2,2539.0,60.4,89.49,3017.0,199.8,7008.7,2.89,0.0,0.0
2025-09-05 08:34:12,35001.5,8921.8,9026.0,747.3,748.2,1.03,2567.8,61.4,89.51,3015.2,197.5,6997.7,2.63,0.0,0.0
2025-09-05 08:34:13,34973.5,8865.8,9072.8,748.3,753.2,1.2,2524.5,61.1,89.55,3013.5,202.9,6939.3,2.46,0.0,0.0
2025-09-05 08:34:14,34998.3,9082.7,8952.8,749.8,752.9,1.35,2531.3,58.8,89.48,2874.2,191.0,6930.0,2.77,0.0,0.0
2025-09-05 08:34:15,35002.7,9129.5,9095.2,751.3,748.5,1.12,2538.7,60.4,89.46,3048.0,202.4,7001.5,2.45,0.0,0.0
2025-09-05 08:34:16,35065.5,8971.5,8823.8,748.2,748.9,1.21,2592.6,58.4,89.42,2910.1,204.6,7034.9,2.67,0.1,0.0
2025-09-05 08:34:17,34976.2,8811.8,8842.6,750.1,753.2,1.12,2590.3,58.6,89.51,3121.9,210.1,6974.3,2.57,0.0,0.0
2025-09-05 08:34:18,34996.6,9123.4,8882.0,752.9,752.2,1.07,2558.1,59.7,89.51,3036.6,191.2,7004.7,2.1,0.0,0.0
2025-09-05 08:34:19,34995.4,8983.1,8958.8,751.0,748.2,1.21,2606.7,60.3,89.53,2994.6,208.8,6947.7,2.69,0.0,0.0
2025-09-05 08:34:20,35012.2,9095.5,9001.6,757.8,751.8,0.91,2521.7,62.2,89.52,3035.4,218.8,6950.1,2.85,0.0,0.0
2025-09-05 08:34:21,35029.3,8996.3,8993.3,757.3,750.9,1.47,2554.1,60.5,89.5,3008.1,207.7,6999.7,2.42,0.1,0.0
2025-09-05 08:34:22,34986.3,8968.1,8994.3,746.0,754.7,0.8,2519.2,61.5,89.54,2970.4,206.6,7025.6,2.65,0.0,0.0
2025-09-05 08:34:23,34977.0,8961.6,9061.5,747.9,748.1,1.32,2581.5,58.4,89.45,2995.1,175.9,7027.0,2.6,0.1,0.0
2025-09-05 08:34:24,34954.1,9125.2,8959.9,745.4,753.9,0.85,2536.5,58.5,89.51,3019.7,213.1,7042.7,2.44,0.0,0.0
2025-09-05 08:34:25,34974.1,9121.9,8892.6,745.9,752.4,1.59,2569.9,59.4,89.51,2955.4,218.8,6973.8,2.42,0.0,0.0
2025-09-05 08:34:26,35015.0,8818.3,8894.3,751.8,747.6,1.42,2596.4,62.4,89.48,3040.3,211.9,6995.5,2.7,0.0,0.0
2025-09-05 08:34:27,35001.3,8920.4,9179.6,746.5,754.5,0.99,2460.8,58.2,89.56,3062.8,204.9,7028.2,2.36,0.0,0.0
2025-09-05 08:34:28,34971.6,9151.1,8800.1,746.3,754.0,1.08,2612.1,57.9,89.51,3060.5,208.1,6965.8,2.38,0.0,0.0
2025-09-05 08:34:29,34989.6,8968.8,8985.0,749.0,746.6,0.91,2545.8,59.9,89.54,3066.4,229.5,6990.5,2.66,0.0,0.0
2025-09-05 08:34:30,35000.9,8884.4,9123.9,752.6,757.6,1.19,2522.9,61.6,89.52,3073.2,192.9,7000.9,2.68,0.0,0.0
2025-09-05 08:34:31,35014.1,9000.4,9041.1,748.7,747.2,1.31,2465.7,57.8,89.48,3040.1,196.0,7000.4,2.81,0.0,0.0
2025-09-05 08:34:32,34983.4,8990.8,8929.5,748.7,747.9,1.86,2523.1,59.7,89.56,3073.9,210.8,7031.2,2.38,0.0,0.0
2025-09-05 08:34:33,34993.0,8991.7,9000.2,753.1,749.9,0.85,2451.6,58.2,89.53,3004.2,202.5,7015.6,2.22,0.1,0.0
2025-09-05 08:34:34,34949.1,8959.2,9073.4,751.5,753.6,1.52,2536.8,62.0,89.49,3023.7,178.6,6985.5,2.71,0.0,0.0
2025-09-05 08:34:35,34967.8,8973.6,9102.7,751.5,752.9,1.05,2527.4,61.0,89.48,3080.3,202.1,6920.5,2.18,0.0,0.0
2025-09-05 08:34:36,35045.3,8961.2,8923.6,753.2,750.7,1.27,2598.5,60.4,89.44,3109.4,203.4,7028.1,2.41,0.0,0.0
2025-09-05 08:34:37,34938.7,9028.4,9064.6,746.4,755.6,1.43,2521.5,60.0,89.48,2981.2,190.7,7034.8,2.45,0.0,0.0
2025-09-05 08:34:38,34990.5,8930.9,9021.5,750.6,752.4,1.34,2571.4,59.7,89.47,2919.5,203.7,7018.1,2.84,0.1,0.0
2025-09-05 08:34:39,35006.1,8975.4,9093.9,747.7,755.7,1.31,2574.6,60.2,89.49,3121.1,202.4,7012.8,2.5,0.0,0.0
2025-09-05 08:34:40,34989.5,8987.8,9118.2,753.4,760.4,1.15,2606.5,59.1,89.47,3065.8,182.2,7015.8,2.25,0.0,0.0
2025-09-05 08:34:41,34977.4,9111.0,8970.8,752.7,751.6,1.2,2523.7,58.8,89.51,3103.4,205.0,7042.1,2.49,0.0,0.0
2025-09-05 08:34:42,34998.3,9031.7,8876.8,746.3,742.4,1.24,2559.6,58.5,89.48,3051.7,221.2,6982.8,2.76,0.0,0.0
2025-09-05 08:34:43,34999.9,8990.7,9033.6,754.5,749.5,1.51,2477.9,60.0,89.42,3014.5,217.2,6998.1,2.13,0.1,0.0
2025-09-05 08:34:44,34997.7,9045.6,9151.0,745.9,747.4,0.82,2492.4,58.9,89.46,2965.4,188.8,6966.1,2.23,0.0,0.0
2025-09-05 08:34:45,34947.4,9034.5,9058.3,753.9,751.3,1.07,2522.1,61.2,89.44,2947.1,186.9,6992.6,2.7,0.1,0.0
2025-09-05 08:34:46,34995.9,9092.5,9019.6,750.6,751.3,0.88,2530.9,57.2,89.43,3082.6,200.5,6971.8,2.52,0.0,0.0
2025-09-05 08:34:47,34976.1,9043.1,9204.1,746.9,746.9,0.95,2488.1,60.8,89.47,3056.4,202.7,6971.8,2.29,0.0,0.0
2025-09-05 08:34:48,34984.7,9152.5,8911.6,746.1,747.1,0.99,2516.7,60.7,89.52,3019.0,186.7,6931.6,2.45,0.0,0.0
2025-09-05 08:34:49,35006.4,9114.3,9076.8,748.9,750.1,1.48,2556.4,61.7,89.43,2938.5,192.6,6996.7,2.51,0.0,0.0
2025-09-05 08:34:50,35017.9,8996.5,8951.5,749.8,750.3,1.75,2514.8,59.7,89.4,2971.7,213.4,7034.9,2.26,0.0,0.0
2025-09-05 08:34:51,35025.1,8964.8,9004.2,747.5,742.2,1.55,2525.4,58.0,89.47,2966.2,202.4,6896.5,2.38,0.0,0.0
2025-09-05 08:34:52,34986.1,9075.0,9007.6,751.8,754.3,0.9,2498.9,58.8,89.6,2984.2,210.2,7043.9,2.79,0.1,0.0
2025-09-05 08:34:53,35025.9,9043.9,9128.7,745.1,751.1,1.22,2580.2,61.6,89.45,2838.9,199.6,6998.8,2.56,0.0,0.0
2025-09-05 08:34:54,35032.9,8992.0,8920.4,749.9,751.0,0.91,2594.3,59.6,89.49,3013.9,210.1,6976.7,2.72,0.0,0.0
2025-09-05 08:34:55,35031.8,8874.5,8954.5,749.9,752.0,1.31,2537.7,59.5,89.46,3089.1,194.7,7010.8,2.49,0.0,0.0
2025-09-05 08:34:56,35038.9,8844.2,8864.6,743.5,747.5,1.53,2526.1,59.2,89.51,2970.5,194.8,6991.8,2.38,0.0,0.0
2025-09-05 08:34:57,34995.9,9029.6,9041.4,751.0,750.8,1.35,2589.8,59.9,89.53,3002.7,190.5,6997.7,2.56,0.0,0.0
2025-09-05 08:34:58,34995.1,9065.5,8961.1,745.5,754.5,1.42,2547.1,59.7,89.47,3016.7,180.9,7049.2,2.31,0.0,0.0
2025-09-05 08:34:59,35023.1,9068.3,9035.9,741.3,754.6,1.16,2505.7,57.9,89.52,2944.9,196.0,7006.2,2.57,0.0,0.0
2025-09-05 08:35:00,34989.1,8860.5,9186.2,753.6,751.0,0.69,1688.8,59.2,89.43,3025.4,183.8,7012.9,2.73,0.1,0.0
2025-09-05 08:35:01,34931.7,8950.8,9164.0,747.8,752.1,0.69,1749.3,61.4,89.48,2955.4,191.8,6990.9,2.74,0.0,0.0
2025-09-05 08:35:02,34855.9,9130.1,8928.6,743.5,755.9,1.17,1975.9,62.0,89.42,2976.4,197.2,6993.5,2.74,0.0,0.0
2025-09-05 08:35:03,34787.2,8969.8,8942.9,759.9,758.1,1.35,1745.5,59.8,89.48,3015.4,197.5,6967.4,2.61,0.0,0.0
2025-09-05 08:35:04,34706.3,9071.3,9163.7,753.7,752.2,1.53,2029.3,59.3,89.45,2998.1,199.4,6993.5,3.07,0.1,0.0
2025-09-05 08:35:05,34643.2,9056.2,9214.7,746.3,748.9,1.11,1790.4,61.9,89.48,3006.6,192.4,6969.6,2.49,0.0,0.0
2025-09-05 08:35:06,34580.2,8939.1,8783.8,732.6,745.5,1.22,1771.1,59.8,89.43,2949.3,195.4,7034.4,2.84,0.0,0.0
2025-09-05 08:35:07,34517.5,8779.7,8920.8,742.6,738.0,1.27,1895.6,58.4,89.48,3042.3,206.2,6985.4,2.54,0.0,0.0
2025-09-05 08:35:08,34448.4,9108.1,9004.5,734.3,747.1,1.47,1765.2,59.8,89.47,2940.0,194.5,7016.8,2.98,0.0,0.0
2025-09-05 08:35:09,34369.9,8999.6,9130.5,758.8,758.0,1.18,1814.7,61.0,89.45,3048.9,196.2,7033.9,2.76,0.0,0.0
2025-09-05 08:35:10,34299.1,9102.8,8859.7,750.5,755.2,0.92,1696.5,62.1,89.44,2974.0,174.0,7022.1,2.84,0.0,0.0
2025-09-05 08:35:11,34224.0,8710.8,9050.3,743.2,765.8,1.48,1678.0,59.4,89.42,2934.2,186.0,6960.9,2.9,0.0,0.0
2025-09-05 08:35:12,34164.0,8754.8,8924.8,746.7,748.9,1.31,1717.8,60.7,89.45,2996.2,205.7,7039.3,2.87,0.0,0.0
2025-09-05 08:35:13,34088.8,8688.9,9271.5,769.0,736.3,1.3,1794.8,59.6,89.48,2941.5,188.2,6913.4,2.84,0.0,0.0
2025-09-05 08:35:14,34025.7,8850.9,9015.1,758.2,756.2,0.87,1720.2,61.6,89.46,2971.3,186.3,7024.7,2.88,0.0,0.0
2025-09-05 08:35:15,33965.0,9097.9,8938.9,738.1,757.7,1.2,1611.9,60.4,89.47,2992.7,204.5,6885.4,2.87,0.0,0.0
2025-09-05 08:35:16,33880.7,9033.5,8910.3,747.5,740.8,0.76,1810.3,60.4,89.52,3045.4,184.9,6937.6,2.71,0.0,0.0
2025-09-05 08:35:17,33799.1,8953.0,9089.3,738.8,737.3,0.68,1756.0,58.7,89.45,3046.2,204.7,6962.4,2.75,0.0,0.0
2025-09-05 08:35:18,33734.2,8972.0,9037.6,734.9,750.6,1.14,1744.8,59.6,89.48,3028.3,195.0,6936.5,2.76,0.1,0.0
2025-09-05 08:35:19,33659.5,9051.3,8805.2,749.6,754.8,1.09,1715.6,59.6,89.5,2985.2,190.3,6884.1,2.66,0.0,0.0
2025-09-05 08:35:20,33591.7,8910.6,8972.3,767.0,740.7,1.35,1579.4,55.1,89.49,2915.1,177.5,6901.1,2.7,0.0,0.0
2025-09-05 08:35:21,33541.8,8998.9,8766.8,760.2,746.6,1.57,1892.9,61.2,89.48,2988.6,207.7,6956.9,3.07,0.0,0.0
2025-09-05 08:35:22,33463.2,8963.1,8840.3,748.3,743.2,1.19,1721.2,60.0,89.47,2983.1,179.6,6884.6,2.52,0.0,0.0
2025-09-05 08:35:23,33379.3,8658.1,8767.5,744.9,740.0,1.66,1802.2,59.7,89.54,2993.9,184.8,6960.6,3.15,0.0,0.0
2025-09-05 08:35:24,33326.7,8889.8,8761.0,749.3,738.9,1.05,1871.5,59.5,89.46,2971.4,202.9,6973.4,2.7,0.0,0.0
2025-09-05 08:35:25,33261.6,9114.0,8841.9,755.8,749.9,1.4,1848.1,60.0,89.45,2971.6,184.7,6975.2,2.94,0.0,0.0
2025-09-05 08:35:26,33178.7,8883.4,8801.1,736.1,745.9,0.87,1770.2,60.3,89.49,3046.7,200.4,6932.1,2.81,0.0,0.0
2025-09-05 08:35:27,33106.3,8913.8,8995.4,732.8,743.5,1.23,1752.6,58.2,89.53,2925.8,195.5,6916.4,2.78,0.1,0.0
2025-09-05 08:35:28,33039.1,8851.0,9028.0,762.1,728.6,1.12,1775.2,60.2,89.52,3001.7,193.4,6898.6,2.93,0.0,0.0
2025-09-05 08:35:29,32974.1,8864.3,8890.3,749.5,761.8,1.15,1822.8,60.2,89.46,3072.5,186.4,7001.5,3.16,0.1,0.0
2025-09-05 08:35:30,32907.0,9071.0,8772.9,759.8,741.1,1.35,1794.1,60.1,89.49,2957.6,189.9,6942.4,2.79,0.1,0.0
2025-09-05 08:35:31,32841.4,8887.5,9021.5,749.0,747.2,0.72,1708.1,58.0,89.48,2945.4,198.3,6916.7,2.81,0.0,0.0
2025-09-05 08:35:32,32771.7,8787.0,8649.8,758.6,739.4,1.23,1780.0,59.8,89.46,2988.5,187.0,6900.3,2.71,0.0,0.0
2025-09-05 08:35:33,32701.6,8512.9,8659.4,742.1,750.9,0.99,1772.3,58.3,89.49,2981.8,201.5,6920.1,3.22,0.0,0.0
2025-09-05 08:35:34,32633.0,8840.4,9003.9,750.7,736.4,1.23,1796.5,60.5,89.48,3016.1,198.0,6810.1,3.05,0.1,0.0
2025-09-05 08:35:35,32557.5,8656.6,8992.1,758.9,748.6,1.3,1754.6,61.8,89.46,3077.9,200.7,6899.2,3.04,0.0,0.0
2025-09-05 08:35:36,32470.0,8672.7,9031.2,754.7,746.3,1.1,1848.4,61.2,89.53,2994.0,197.9,6843.0,2.82,0.0,0.0
2025-09-05 08:35:37,32411.3,9010.7,8873.3,742.9,754.7,1.1,1750.7,59.5,89.44,3032.8,200.9,6776.2,2.44,0.0,0.0
2025-09-05 08:35:38,32344.9,8996.9,8734.3,753.5,739.2,0.9,1805.4,59.3,89.51,2968.4,199.2,6887.0,2.92,0.0,0.0
2025-09-05 08:35:39,32269.4,8653.1,8830.0,741.1,742.5,1.34,1734.2,59.2,89.54,2973.6,203.2,6815.5,2.46,0.1,0.0
2025-09-05 08:35:40,32209.8,9010.5,8968.0,735.0,745.6,1.03,1681.7,60.5,89.54,3017.8,199.2,6849.7,2.7,0.0,0.0
2025-09-05 08:35:41,32129.7,8957.0,8791.4,750.3,763.3,1.31,1649.4,59.1,89.47,2963.2,198.7,6801.8,3.02,0.0,0.0
2025-09-05 08:35:42,32055.2,8792.9,8797.3,757.1,735.9,0.83,1712.3,59.3,89.45,3069.1,187.6,6806.0,2.71,0.0,0.0
2025-09-05 08:35:43,32004.2,8987.7,8704.4,752.7,749.3,1.55,1767.6,56.6,89.39,2978.2,180.4,6867.8,2.69,0.0,0.0
2025-09-05 08:35:44,31928.1,8678.3,8732.0,735.9,742.0,0.94,1825.9,58.9,89.45,2992.0,196.3,6816.0,2.4,0.0,0.0
2025-09-05 08:35:45,31854.6,8730.7,8991.5,752.6,749.3,1.5,1712.7,58.9,89.55,2942.2,204.4,6810.4,2.97,0.0,0.0
2025-09-05 08:35:46,31790.3,8697.6,8938.3,751.0,751.8,1.08,1675.6,59.3,89.39,2976.5,187.5,6734.8,2.91,0.0,0.0
2025-09-05 08:35:47,31721.4,8737.8,8724.8,741.9,747.8,1.34,1674.8,61.7,89.39,2944.4,181.6,6812.1,2.73,0.0,0.0
2025-09-05 08:35:48,31645.7,8994.0,8732.9,725.8,748.6,1.16,1820.7,58.2,89.49,2973.5,190.9,6750.5,2.9,0.0,0.0
2025-09-05 08:35:49,31553.4,8703.9,8798.0,753.4,748.6,1.37,1721.7,58.2,89.48,2900.5,199.0,6780.7,2.5,0.0,0.0
2025-09-05 08:35:50,31497.7,8725.1,8940.5,752.3,741.9,1.2,1670.1,60.8,89.38,3000.5,203.5,6721.0,2.64,0.0,0.0
2025-09-05 08:35:51,31429.5,8748.5,8713.9,749.1,744.7,1.53,1770.2,58.7,89.45,3100.1,192.9,6760.3,2.87,0.0,0.0
2025-09-05 08:35:52,31355.4,8895.1,8841.9,731.4,733.6,1.37,1599.2,59.8,89.46,2894.7,185.3,6758.0,3.0,0.0,0.0
2025-09-05 08:35:53,31294.9,8823.1,8581.4,733.2,743.4,1.37,1715.4,60.2,89.39,3099.7,195.3,6680.0,2.82,0.0,0.0
2025-09-05 08:35:54,31232.9,8976.8,8694.8,753.0,740.1,1.63,1700.6,60.0,89.49,2994.2,201.9,6732.7,2.58,0.0,0.0
2025-09-05 08:35:55,31149.6,8769.7,8911.3,751.2,744.0,1.02,1691.3,59.0,89.4,3051.3,195.3,6682.2,2.73,0.0,0.0
2025-09-05 08:35:56,31074.4,8692.1,8971.1,748.7,751.4,1.53,1605.8,61.3,89.49,2943.8,204.9,6747.0,3.05,0.1,0.0
2025-09-05 08:35:57,31029.8,8791.7,8700.4,742.7,748.6,1.22,1779.3,62.0,89.46,3116.2,191.3,6707.7,2.71,0.0,0.0
2025-09-05 08:35:58,30940.0,8859.2,8747.9,747.7,749.2,0.82,1835.1,58.6,89.42,2939.9,203.6,6687.7,2.88,0.1,0.0
2025-09-05 08:35:59,30863.8,8730.8,8950.6,740.2,754.0,1.32,1586.6,59.6,89.38,2996.7,210.5,6781.7,2.92,0.0,0.0
2025-09-05 08:36:00,30805.7,8885.3,8792.9,741.9,727.2,1.15,1703.3,61.3,89.43,3089.4,186.9,6696.2,2.72,0.0,0.0
2025-09-05 08:36:01,30737.2,9082.7,8770.7,737.4,748.6,1.63,1744.6,59.7,89.44,2928.4,188.0,6644.9,2.84,0.0,0.0
2025-09-05 08:36:02,30658.2,8768.2,8906.6,746.2,745.1,1.07,1875.2,58.6,89.44,2868.2,201.6,6678.8,2.48,0.0,0.0
2025-09-05 08:36:03,30600.3,8846.9,8862.0,740.8,744.4,1.21,1654.0,59.4,89.42,2996.8,223.7,6648.9,2.72,0.0,0.0
2025-09-05 08:36:04,30520.1,9014.3,8979.1,751.6,735.1,1.26,1608.6,61.1,89.44,2957.2,200.3,6676.1,2.84,0.1,0.0
2025-09-05 08:36:05,30446.7,8751.6,8935.1,749.6,749.2,0.71,1684.2,58.7,89.48,2945.6,195.6,6585.3,2.96,0.0,0.0
2025-09-05 08:36:06,30385.6,8723.1,8753.7,737.3,753.6,1.33,1848.0,60.4,89.41,2948.8,207.5,6677.8,3.1,0.0,0.0
2025-09-05 08:36:07,30320.4,8688.4,8810.9,758.3,752.6,0.95,1686.8,60.5,89.44,2917.5,194.8,6582.7,2.74,0.0,0.0
2025-09-05 08:36:08,30239.2,8879.7,8816.1,734.7,744.0,1.56,1701.0,59.1,89.46,3080.7,181.3,6577.3,2.93,0.0,0.0
2025-09-05 08:36:09,30177.0,8892.2,8644.4,747.1,749.4,1.63,1823.1,60.8,89.44,3070.4,187.3,6555.0,2.81,0.0,0.0
2025-09-05 08:36:10,30103.6,8803.4,8691.9,752.0,751.5,1.2,1500.5,60.9,89.48,2923.1,207.9,6559.9,2.68,0.0,0.0
2025-09-05 08:36:11,30057.0,8825.6,8943.3,753.5,758.3,0.79,1496.2,61.4,89.5,2994.8,180.7,6626.3,2.68,0.1,0.0
2025-09-05 08:36:12,29958.8,8983.0,8606.8,725.7,753.7,1.25,1746.6,61.3,89.43,2974.6,183.1,6556.4,2.83,0.0,0.0
2025-09-05 08:36:13,29905.6,8927.6,8941.3,751.1,745.3,1.25,1734.0,58.0,89.45,3063.7,203.1,6502.8,2.84,0.0,0.0
2025-09-05 08:36:14,29824.2,8630.0,8846.2,752.8,744.8,1.38,1554.9,61.2,89.32,2953.0,197.1,6524.2,2.69,0.1,0.0
2025-09-05 08:36:15,29753.7,8808.3,8788.4,754.4,745.3,1.12,1709.4,60.8,89.43,3093.5,206.6,6527.6,3.39,0.0,0.0
2025-09-05 08:36:16,29690.5,8820.5,8874.2,725.1,745.6,0.89,1668.5,61.3,89.47,3001.0,186.3,6541.7,2.84,0.0,0.0
2025-09-05 08:36:17,29622.0,8897.8,8863.7,737.4,740.0,1.16,1681.2,58.9,89.39,2955.8,189.2,6487.0,2.98,0.0,0.0
2025-09-05 08:36:18,29555.0,8772.6,8956.8,741.9,749.6,0.96,1595.6,61.2,89.49,2995.7,192.7,6494.2,2.79,0.0,0.0
2025-09-05 08:36:19,29477.6,8715.1,8744.3,739.0,738.3,1.65,1622.6,60.5,89.36,2967.4,184.7,6578.5,3.4,0.0,0.0
2025-09-05 08:36:20,29400.2,8736.8,8764.2,753.2,737.4,1.02,1586.1,58.4,89.49,3129.9,193.7,6461.6,2.4,0.0,0.0
2025-09-05 08:36:21,29330.8,8562.6,8759.5,737.0,746.1,1.03,1660.4,61.7,89.42,3009.2,194.3,6459.4,2.77,0.0,0.0
2025-09-05 08:36:22,29269.2,8787.8,9034.7,752.1,739.0,1.19,1635.5,58.9,89.4,2973.1,203.6,6403.3,2.88,0.0,0.0
2025-09-05 08:36:23,29199.8,8710.9,8909.9,746.7,741.4,0.88,1790.7,58.6,89.42,3006.2,195.0,6466.7,3.08,0.0,0.0
2025-09-05 08:36:24,29136.4,8846.5,8663.5,730.5,727.3,1.09,1702.4,60.5,89.42,3085.2,192.2,6406.8,2.84,0.0,0.0
2025-09-05 08:36:25,29058.7,8649.9,8738.1,734.1,749.1,1.17,1520.0,59.2,89.39,2945.6,200.2,6475.7,2.65,0.1,0.0
2025-09-05 08:36:26,28993.9,8724.0,8687.0,738.2,742.9,1.07,1681.5,60.5,89.38,2904.2,205.7,6442.6,3.16,0.0,0.0
2025-09-05 08:36:27,28927.6,8650.8,8778.4,742.6,741.9,1.14,1763.1,59.7,89.41,3075.9,205.1,6417.7,2.98,0.0,0.0
2025-09-05 08:36:28,28846.8,8636.9,8802.1,749.7,746.3,1.52,1666.9,60.4,89.47,3035.8,198.3,6361.2,2.8,0.0,0.0
2025-09-05 08:36:29,28763.7,8863.8,9070.8,740.2,744.3,1.31,1731.2,61.1,89.45,2974.8,192.4,6355.6,2.8,0.0,0.0
2025-09-05 08:36:30,28696.2,8709.8,8531.1,748.8,737.2,0.86,1637.5,60.0,89.49,2996.0,191.6,6342.8,2.8,0.0,0.0
2025-09-05 08:36:31,28624.2,8825.3,8900.9,728.9,757.8,1.09,1696.3,61.2,89.41,3064.1,184.1,6347.7,2.88,0.0,0.0
2025-09-05 08:36:32,28578.5,8619.5,8821.2,717.0,738.9,1.39,1560.0,61.2,89.42,2844.2,196.4,6321.3,2.51,0.0,0.0
2025-09-05 08:36:33,28489.0,8775.0,8670.2,738.6,749.7,1.03,1699.5,58.9,89.42,3073.7,195.6,6303.3,2.88,0.1,0.0
2025-09-05 08:36:34,28435.7,8540.2,8739.8,744.8,756.2,1.22,1520.1,61.2,89.44,2990.5,210.6,6314.0,2.73,0.0,0.0
2025-09-05 08:36:35,28360.6,8695.0,8692.1,738.2,737.4,1.19,1737.4,60.9,89.45,3039.5,197.8,6298.2,2.95,0.1,0.0
2025-09-05 08:36:36,28299.7,8689.2,8760.9,732.9,742.7,1.34,1505.5,60.2,89.5,2997.6,202.5,6274.5,2.92,0.0,0.0
2025-09-05 08:36:37,28224.1,8827.7,8883.2,744.3,735.7,1.15,1454.3,61.5,89.46,3178.3,207.5,6307.5,2.64,0.0,0.0
2025-09-05 08:36:38,28145.3,8772.8,8551.4,756.3,749.8,1.16,1669.6,62.3,89.44,2964.9,179.1,6300.5,3.12,0.0,0.0
2025-09-05 08:36:39,28074.6,8724.0,8918.2,739.9,739.2,0.98,1610.2,61.0,89.48,3063.8,190.0,6233.4,3.01,0.0,0.0
2025-09-05 08:36:40,28006.9,8853.1,8695.7,734.8,733.2,1.29,1631.9,58.0,89.4,2850.5,193.7,6315.1,2.68,0.0,0.0
2025-09-05 08:36:41,27937.7,8766.5,8937.9,733.7,751.6,0.96,1655.8,60.6,89.37,3002.7,196.9,6242.4,2.65,0.0,0.0
2025-09-05 08:36:42,27862.1,8808.9,8793.2,756.1,748.4,1.64,1616.8,59.8,89.45,3045.8,185.6,6259.8,2.72,0.0,0.0
2025-09-05 08:36:43,27796.2,8836.1,8897.8,740.0,734.6,1.19,1544.6,59.6,89.43,2911.4,203.5,6270.6,2.93,0.0,0.0
2025-09-05 08:36:44,27739.4,8725.3,8808.4,745.1,750.3,1.14,1632.8,60.5,89.43,2883.4,203.9,6144.7,3.11,0.0,0.0
2025-09-05 08:36:45,27643.0,8693.2,8873.6,749.9,742.6,1.4,1642.2,59.6,89.46,3006.0,200.3,6199.3,2.68,0.0,0.0
2025-09-05 08:36:46,27588.7,8771.3,8737.0,748.7,761.8,1.18,1652.3,62.2,89.41,3058.8,201.9,6201.6,2.7,0.0,0.0
2025-09-05 08:36:47,27509.4,8672.1,8618.7,732.6,754.1,1.22,1773.1,60.4,89.42,3068.8,186.0,6199.5,2.96,0.1,0.0
2025-09-05 08:36:48,27448.3,8774.1,8812.3,747.5,736.6,1.19,1548.0,60.0,89.44,2960.9,206.0,6173.3,2.85,0.0,0.0
2025-09-05 08:36:49,27383.5,8865.1,8814.9,746.5,738.7,1.01,1612.1,61.1,89.45,3020.4,190.3,6168.8,2.85,0.0,0.0
2025-09-05 08:36:50,27306.4,8829.6,8993.4,743.6,734.0,0.96,1650.7,61.1,89.46,2918.8,178.9,6069.7,2.84,0.0,0.0
2025-09-05 08:36:51,27243.1,8666.6,8456.1,747.6,741.6,1.02,1566.3,61.6,89.43,3101.1,196.9,6076.6,2.8,0.0,0.0
2025-09-05 08:36:52,27154.3,8546.7,8689.1,735.0,740.9,1.49,1502.9,60.9,89.43,2967.3,199.6,6117.3,3.21,0.0,0.0
2025-09-05 08:36:53,27105.9,8703.8,8850.7,738.8,746.0,1.04,1552.9,60.0,89.33,3074.0,189.7,6014.8,3.06,0.0,0.0
2025-09-05 08:36:54,27022.3,8692.2,8546.5,735.1,741.0,1.1,1685.0,60.2,89.47,2984.8,180.9,6054.1,2.8,0.0,0.0
2025-09-05 08:36:55,26962.2,8849.5,8677.7,745.3,729.0,1.08,1573.8,57.1,89.36,2981.3,185.5,6054.4,3.11,0.0,0.0
2025-09-05 08:36:56,26888.7,8653.7,8980.9,733.9,733.9,1.38,1644.4,58.0,89.42,3094.0,194.4,6061.5,3.24,0.0,0.0
2025-09-05 08:36:57,26796.6,8673.8,8887.1,742.2,750.8,1.71,1532.1,61.4,89.52,2950.0,173.0,6067.4,2.96,0.0,0.0
2025-09-05 08:36:58,26741.3,8793.8,8585.4,730.2,748.7,0.96,1627.2,59.6,89.41,3075.0,205.0,6032.1,2.93,0.0,0.0
2025-09-05 08:36:59,26679.2,8633.9,8883.4,737.8,738.6,1.34,1533.4,62.5,89.36,2979.7,204.8,5982.7,2.77,0.0,0.0
2025-09-05 08:37:00,26619.9,8672.7,8849.4,735.8,738.7,1.23,1517.9,62.5,89.48,2949.4,194.2,5965.8,2.89,0.0,0.0
2025-09-05 08:37:01,26539.9,8913.2,8793.9,737.7,738.4,1.12,1594.5,58.3,89.4,2951.8,205.3,6000.8,2.91,0.1,0.0
2025-09-05 08:37:02,26469.7,8881.6,8739.8,739.6,739.7,1.33,1587.8,60.4,89.41,3065.4,194.3,5994.4,3.13,0.0,0.0
2025-09-05 08:37:03,26386.4,8767.5,8718.7,737.0,726.6,0.87,1702.6,63.9,89.41,2995.6,185.6,5974.7,2.68,0.0,0.0
2025-09-05 08:37:04,26339.2,8718.1,8571.9,736.6,746.2,1.41,1446.7,59.0,89.45,2979.7,201.5,5954.0,2.55,0.0,0.0
2025-09-05 08:37:05,26272.3,8555.0,8615.4,721.7,734.2,1.26,1619.9,60.6,89.45,2912.9,200.8,5940.5,2.77,0.0,0.0
2025-09-05 08:37:06,26188.1,8750.7,8775.7,747.0,740.3,0.94,1708.6,59.7,89.41,3068.1,187.5,5875.9,2.94,0.0,0.0
2025-09-05 08:37:07,26116.2,8683.2,8696.1,733.1,719.8,1.61,1686.4,59.7,89.46,3060.9,183.1,5910.6,2.47,0.1,0.0
2025-09-05 08:37:08,26035.1,8701.8,8916.2,736.0,740.8,1.42,1541.4,59.6,89.38,3018.8,187.0,5925.2,2.83,0.0,0.0
2025-09-05 08:37:09,25985.1,8603.4,8629.4,731.3,749.1,1.5,1515.2,60.0,89.44,3045.2,206.3,5847.1,2.71,0.0,0.0
2025-09-05 08:37:10,25929.8,8666.6,8357.7,745.8,721.7,0.83,1528.7,61.1,89.39,2812.0,193.1,5888.5,2.65,0.0,0.0
2025-09-05 08:37:11,25843.9,8641.8,8624.4,730.5,750.3,1.13,1592.2,58.9,89.44,2969.3,221.0,5885.0,2.9,0.1,0.0
2025-09-05 08:37:12,25778.4,8704.1,8701.6,741.6,742.2,1.07,1581.3,60.7,89.39,3009.4,189.9,5929.1,3.11,0.0,0.0
2025-09-05 08:37:13,25702.7,8845.9,8712.8,746.9,732.9,1.36,1592.7,59.1,89.4,3006.2,201.2,5833.3,2.6,0.1,0.0
2025-09-05 08:37:14,25620.5,8705.1,8669.3,750.6,726.3,1.55,1611.3,60.7,89.47,2967.1,198.7,5814.1,2.92,0.0,0.0
2025-09-05 08:37:15,25569.1,8440.5,8550.9,746.8,747.2,0.71,1472.6,60.5,89.37,3013.8,193.8,5768.2,2.84,0.1,0.0
2025-09-05 08:37:16,25478.6,8527.2,8850.2,742.2,740.2,1.21,1466.1,59.0,89.36,2957.8,203.3,5759.3,3.01,0.0,0.0
2025-09-05 08:37:17,25416.9,8445.1,8566.6,727.6,742.7,1.17,1456.2,60.2,89.43,2962.1,188.1,5728.2,2.88,0.0,0.0
2025-09-05 08:37:18,25350.9,8545.2,8743.2,747.4,736.0,1.46,1445.0,59.0,89.4,2927.8,195.3,5709.5,2.75,0.0,0.0
2025-09-05 08:37:19,25285.8,8718.1,8610.7,746.5,731.9,1.19,1545.2,58.9,89.39,3008.0,185.3,5782.9,3.05,0.0,0.0
2025-09-05 08:37:20,25212.1,8695.1,8489.8,743.6,744.5,0.87,1577.1,61.6,89.4,2958.2,176.2,5745.4,2.96,0.0,0.0
2025-09-05 08:37:21,25141.9,8562.8,8827.2,743.2,730.5,1.15,1757.6,57.6,89.49,2970.9,196.4,5743.4,2.67,0.0,0.0
2025-09-05 08:37:22,25062.8,8672.6,8314.0,737.3,744.5,0.93,1591.8,60.8,89.37,3080.3,185.5,5664.8,2.48,0.0,0.0
2025-09-05 08:37:23,24988.6,8537.3,8527.4,732.5,724.8,1.0,1547.6,61.0,89.4,2997.5,184.1,5636.7,2.74,0.0,0.0
2025-09-05 08:37:24,24929.5,8448.7,8692.1,745.1,730.4,1.21,1660.9,59.2,89.41,2997.9,201.0,5632.5,2.92,0.1,0.0
2025-09-05 08:37:25,24853.4,8448.1,8586.9,746.6,726.3,1.08,1482.4,61.5,89.37,2911.0,194.3,5737.0,3.03,0.0,0.0
2025-09-05 08:37:26,24778.7,8516.6,8728.5,728.0,747.3,1.27,1568.8,61.3,89.41,2969.6,199.3,5706.9,2.77,0.0,0.0
2025-09-05 08:37:27,24709.1,8809.8,8615.4,743.5,723.8,0.81,1619.0,58.3,89.43,3056.9,211.3,5608.4,2.8,0.0,0.0
2025-09-05 08:37:28,24645.3,8449.0,8567.0,738.1,728.4,1.79,1601.9,60.7,89.37,3032.0,197.4,5645.3,2.52,0.0,0.0
2025-09-05 08:37:29,24564.5,8781.7,8904.7,743.1,742.0,1.52,1568.7,60.7,89.45,3003.1,199.9,5634.6,2.79,0.0,0.0
2025-09-05 08:37:30,24498.6,8790.2,8592.4,738.2,738.7,1.38,1505.2,59.0,89.36,2989.8,185.1,5581.6,2.91,0.1,0.0
2025-09-05 08:37:31,24426.4,8591.8,8598.0,744.8,753.6,0.87,1430.2,60.8,89.4,3003.8,203.3,5580.2,2.77,0.0,0.0
2025-09-05 08:37:32,24371.0,8606.5,8475.3,744.0,750.8,0.65,1517.7,61.0,89.42,3023.1,203.5,5622.4,2.86,0.0,0.0
2025-09-05 08:37:33,24302.8,8530.8,8516.4,742.8,741.3,0.98,1479.6,59.0,89.53,2981.1,186.4,5601.0,2.69,0.0,0.0
2025-09-05 08:37:34,24245.7,8604.6,8695.7,724.6,741.8,1.14,1583.2,57.3,89.33,2855.7,201.7,5594.5,2.71,0.0,0.0
2025-09-05 08:37:35,24147.7,8690.6,8682.1,742.1,722.5,1.77,1513.8,60.6,89.41,3114.0,198.7,5561.4,2.94,0.0,0.0
2025-09-05 08:37:36,24084.3,8603.9,8606.5,735.8,729.6,1.53,1569.3,59.0,89.5,3065.9,193.9,5541.1,2.58,0.0,0.0
2025-09-05 08:37:37,24027.1,8729.5,8512.8,726.4,733.7,1.07,1389.4,57.7,89.38,2991.0,196.6,5541.2,2.89,0.0,0.0
2025-09-05 08:37:38,23948.2,8751.6,8690.7,740.9,734.8,1.51,1599.5,59.5,89.44,3081.8,217.6,5505.3,3.12,0.0,0.0
2025-09-05 08:37:39,23877.3,8639.7,8377.4,724.3,725.5,1.51,1447.9,56.8,89.41,2924.3,190.0,5556.1,2.77,0.0,0.0
2025-09-05 08:37:40,23823.7,8635.0,8552.1,742.2,728.8,1.2,1387.9,59.6,89.34,3074.8,192.8,5492.2,2.79,0.0,0.0
2025-09-05 08:37:41,23737.4,8582.1,8561.2,748.5,729.4,1.51,1401.4,62.1,89.42,3011.1,196.7,5489.9,2.72,0.0,0.0
2025-09-05 08:37:42,23660.9,8632.4,8481.6,730.9,743.9,1.28,1461.0,56.2,89.36,3051.5,194.2,5455.0,2.63,0.0,0.0
2025-09-05 08:37:43,23589.7,8440.4,8609.0,742.1,738.9,1.03,1602.9,60.6,89.4,2979.9,179.4,5421.5,2.77,0.0,0.0
2025-09-05 08:37:44,23533.0,8635.1,8499.9,738.3,733.1,0.9,1567.5,58.8,89.34,3008.7,201.6,5429.7,2.64,0.0,0.0
2025-09-05 08:37:45,23462.8,8606.6,8479.8,739.8,733.4,1.17,1410.9,59.5,89.43,3033.9,204.1,5406.8,2.85,0.0,0.0
2025-09-05 08:37:46,23379.4,8465.6,8816.2,723.8,737.6,1.46,1512.5,58.8,89.3,3060.8,211.4,5377.1,2.78,0.0,0.0
2025-09-05 08:37:47,23312.6,8854.1,8675.8,739.3,730.0,0.85,1495.0,60.9,89.39,3029.8,190.8,5419.6,2.67,0.0,0.0
2025-09-05 08:37:48,23254.8,8446.3,8733.0,735.4,733.2,0.79,1373.3,60.0,89.45,3025.7,184.5,5447.4,2.9,0.1,0.0
2025-09-05 08:37:49,23185.2,8457.2,8581.3,740.2,721.9,1.34,1418.8,59.0,89.42,2965.6,201.7,5374.9,3.09,0.0,0.0
2025-09-05 08:37:50,23105.5,8603.5,8697.6,734.3,740.2,0.51,1331.2,58.2,89.38,3099.5,186.6,5348.0,3.05,0.0,0.0
2025-09-05 08:37:51,23045.7,8313.5,8671.3,742.8,742.3,1.67,1425.2,59.4,89.39,3012.1,195.8,5313.4,2.84,0.0,0.0
2025-09-05 08:37:52,22975.3,8459.6,8725.1,736.2,737.6,1.09,1277.4,61.6,89.38,2986.9,192.2,5274.1,2.89,0.0,0.0
2025-09-05 08:37:53,22886.6,8362.0,8872.9,739.3,738.4,1.39,1427.8,58.4,89.5,2981.2,197.5,5332.6,2.68,0.0,0.0
2025-09-05 08:37:54,22828.4,8431.9,8533.0,744.7,737.4,1.68,1414.5,60.6,89.39,2930.2,191.8,5318.0,2.84,0.0,0.0
2025-09-05 08:37:55,22764.3,8537.5,8593.7,735.2,750.2,0.83,1424.1,60.5,89.39,2957.1,202.1,5257.2,3.02,0.0,0.0
2025-09-05 08:37:56,22686.4,8593.7,8550.9,741.5,736.0,0.93,1420.2,57.3,89.36,2911.6,187.6,5274.2,3.04,0.0,0.0
2025-09-05 08:37:57,22604.0,8692.9,8098.1,735.4,724.2,1.77,1580.7,61.5,89.37,3011.8,217.3,5228.4,3.16,0.0,0.0
2025-09-05 08:37:58,22548.9,8651.8,8371.2,737.6,726.2,1.13,1455.6,60.0,89.42,2995.2,202.9,5293.6,2.59,0.0,0.0
2025-09-05 08:37:59,22487.2,8698.3,8552.8,729.2,739.6,1.17,1502.1,63.1,89.37,3012.6,190.2,5235.1,3.2,0.1,0.0
2025-09-05 08:38:00,22423.9,8618.5,8630.3,739.4,742.2,1.26,1542.5,62.4,89.36,2927.5,187.2,5233.0,2.97,0.0,0.0
2025-09-05 08:38:01,22323.8,8478.8,8470.6,742.9,739.9,1.47,1552.6,59.7,89.37,2975.5,194.2,5263.2,3.2,0.0,0.0
2025-09-05 08:38:02,22292.3,8681.8,8690.6,732.5,740.3,1.54,1532.8,59.8,89.38,2962.7,191.6,5113.7,2.9,0.1,0.0
2025-09-05 08:38:03,22192.4,8471.2,8707.5,739.3,735.2,1.23,1429.9,58.7,89.4,3057.4,188.4,5191.5,3.14,0.0,0.0
2025-09-05 08:38:04,22139.2,8452.3,8484.4,736.3,722.3,1.11,1383.5,58.2,89.37,2913.5,208.4,5173.1,2.89,0.0,0.0
2025-09-05 08:38:05,22071.5,8728.0,8720.9,724.1,728.2,1.19,1407.9,61.1,89.38,2911.8,204.6,5140.4,2.69,0.1,0.0
2025-09-05 08:38:06,21999.5,8629.3,8761.0,735.6,719.7,1.28,1431.2,59.7,89.36,3074.4,186.1,5137.7,2.96,0.0,0.0
2025-09-05 08:38:07,21922.9,8552.9,8591.2,743.1,730.5,1.53,1468.6,59.5,89.44,3020.9,200.9,5166.6,2.8,0.0,0.0
2025-09-05 08:38:08,21842.5,8619.6,8400.8,728.7,722.9,1.23,1459.3,59.8,89.39,2909.0,196.0,5087.3,2.89,0.0,0.0
2025-09-05 08:38:09,21786.8,8633.5,8716.8,718.4,734.0,1.67,1554.4,61.0,89.37,3078.2,202.8,5074.1,3.0,0.0,0.0
2025-09-05 08:38:10,21706.2,8340.0,8502.2,734.0,731.8,0.98,1454.4,61.3,89.4,3086.5,189.9,5142.8,3.05,0.0,0.0
2025-09-05 08:38:11,21621.8,8502.2,8472.0,727.2,718.1,1.34,1607.9,60.0,89.38,3066.2,215.0,5104.7,3.03,0.0,0.0
2025-09-05 08:38:12,21594.7,8358.8,8533.7,747.2,738.6,1.65,1543.7,59.8,89.32,2880.3,196.6,5072.9,3.09,0.0,0.0
2025-09-05 08:38:13,21507.8,8525.2,8446.3,731.8,738.7,1.53,1418.0,60.2,89.38,3006.9,213.8,5070.5,2.59,0.0,0.0
2025-09-05 08:38:14,21446.7,8419.7,8653.1,732.0,722.1,1.28,1526.2,62.9,89.45,2949.8,191.6,5032.2,3.13,0.0,0.0
2025-09-05 08:38:15,21354.9,8680.7,8612.3,727.0,733.8,0.97,1218.5,57.2,89.4,2984.5,208.0,5005.4,2.74,0.0,0.0
2025-09-05 08:38:16,21304.0,8569.1,8667.3,733.8,738.1,1.02,1565.0,58.4,89.43,2908.3,194.9,4997.0,2.92,0.0,0.0
2025-09-05 08:38:17,21235.1,8393.9,8581.9,727.3,730.2,1.16,1484.1,60.7,89.36,3100.5,210.9,4999.4,2.82,0.1,0.0
2025-09-05 08:38:18,21164.8,8494.4,8400.7,724.6,738.9,1.28,1481.2,60.2,89.32,2959.7,194.2,4959.0,2.68,0.0,0.0
2025-09-05 08:38:19,21082.3,8337.0,8480.7,731.1,733.7,1.14,1309.0,61.7,89.35,3016.0,186.3,4906.4,3.08,0.1,0.0
2025-09-05 08:38:20,21002.9,8497.0,8612.8,725.1,740.4,0.83,1651.5,61.8,89.44,3016.0,186.2,4942.2,2.7,0.0,0.0
2025-09-05 08:38:21,20941.2,8560.3,8443.5,741.8,733.5,1.01,1422.5,62.7,89.34,2798.0,190.2,4943.9,2.8,0.0,0.0
2025-09-05 08:38:22,20855.0,8520.9,8873.5,722.1,730.7,1.33,1429.8,58.9,89.35,2580.0,201.3,4915.9,3.2,0.1,0.0
2025-09-05 08:38:23,20789.1,8233.6,8459.9,730.6,735.8,1.41,1531.9,60.9,89.42,2580.0,199.3,4930.1,2.46,0.0,0.0
2025-09-05 08:38:24,20733.5,8438.1,8412.7,725.7,737.8,0.84,1422.1,59.7,89.37,2725.3,197.0,4903.3,2.57,0.0,0.0
2025-09-05 08:38:25,20654.9,8545.2,8635.8,720.2,733.6,1.11,1366.6,61.4,89.37,2870.7,205.5,4912.9,3.1,0.0,0.0
2025-09-05 08:38:26,20591.6,8516.4,8581.1,744.0,728.1,0.77,1488.3,60.3,89.39,3016.0,210.6,4870.3,2.83,0.0,0.0
2025-09-05 08:38:27,20522.1,8624.7,8477.8,714.3,725.4,1.06,1349.7,61.2,89.38,3057.9,186.9,4846.4,3.07,0.0,0.0
2025-09-05 08:38:28,20468.5,8304.6,8449.0,742.2,728.5,2.0,1491.7,59.0,89.37,2963.5,204.9,4858.5,2.91,0.0,0.0
2025-09-05 08:38:29,20393.5,8537.1,8531.9,719.6,726.9,1.22,1440.4,60.3,89.39,2969.6,216.7,4855.6,2.82,0.0,0.0
2025-09-05 08:38:30,20312.8,8382.0,8582.5,731.3,732.8,1.11,1519.6,59.3,89.35,2975.9,190.3,4796.2,3.05,0.0,0.0
2025-09-05 08:38:31,20252.9,8489.4,8570.6,748.2,732.4,1.05,1326.4,59.7,89.38,2919.3,190.8,4768.2,2.77,0.0,0.0
2025-09-05 08:38:32,20167.0,8514.2,8429.7,713.7,730.3,0.89,1525.7,59.4,89.4,2929.5,199.6,4830.2,2.8,0.1,0.0
2025-09-05 08:38:33,20100.6,8548.2,8522.5,719.5,730.9,0.72,1446.0,58.6,89.33,2895.2,198.0,4752.3,2.96,0.0,0.0
2025-09-05 08:38:34,20040.7,8381.5,8573.6,740.5,732.1,1.19,1581.8,61.6,89.37,3027.0,191.1,4769.5,2.7,0.1,0.0
2025-09-05 08:38:35,19953.5,8478.0,8560.8,731.4,742.8,1.13,1365.2,60.4,89.33,3068.4,195.3,4726.8,2.63,0.0,0.0
2025-09-05 08:38:36,19891.3,8299.7,8057.6,725.7,739.9,1.58,1568.6,61.5,89.4,3004.2,210.4,4736.8,2.59,0.0,0.0
2025-09-05 08:38:37,19813.0,8265.7,8340.6,729.6,726.1,0.78,1472.5,58.7,89.4,2933.4,204.2,4763.4,3.1,0.0,0.0
2025-09-05 08:38:38,19754.6,8518.6,8353.0,722.2,733.7,1.31,1477.7,57.4,89.41,3075.6,188.7,4759.7,3.3,0.0,0.0
2025-09-05 08:38:39,19696.8,8436.8,8421.4,730.7,727.8,1.54,1351.8,59.1,89.41,2981.3,180.6,4643.1,3.15,0.0,0.0
2025-09-05 08:38:40,19607.8,8231.0,8472.1,741.3,729.5,0.7,1455.3,59.8,89.41,2907.3,186.0,4624.6,2.79,0.0,0.0
2025-09-05 08:38:41,19545.6,8328.4,8566.1,726.5,728.3,1.37,1462.6,61.1,89.4,2890.6,197.6,4545.2,2.82,0.1,0.0
2025-09-05 08:38:42,19466.7,8438.8,8524.1,730.5,725.2,0.79,1338.1,61.5,89.34,3010.3,188.9,4667.2,2.72,0.0,0.0
2025-09-05 08:38:43,19394.8,8635.9,8424.8,738.8,719.5,1.33,1309.6,61.7,89.41,3083.5,188.4,4686.7,2.92,0.0,0.0
2025-09-05 08:38:44,19324.1,8567.1,8441.8,744.8,710.9,1.58,1339.2,62.1,89.33,2977.5,202.4,4628.2,3.13,0.0,0.0
2025-09-05 08:38:45,19275.7,8532.5,8665.0,724.5,731.3,1.2,1520.4,61.0,89.46,2962.9,193.4,4595.5,2.91,0.0,0.0
2025-09-05 08:38:46,19213.1,8194.3,8354.2,731.4,738.8,1.27,1411.8,60.2,89.38,2983.9,192.5,4620.2,2.92,0.0,0.0
2025-09-05 08:38:47,19128.1,8411.1,8470.9,724.5,722.6,1.02,1473.8,59.0,89.39,2950.5,197.9,4545.9,2.28,0.0,0.0
2025-09-05 08:38:48,19048.5,8483.3,8632.3,723.8,733.4,1.27,1419.0,61.0,89.32,2968.0,209.0,4586.9,2.99,0.0,0.0
2025-09-05 08:38:49,18990.0,8469.9,8471.3,725.6,726.4,1.49,1403.1,59.3,89.41,3014.4,198.7,4596.9,2.69,0.0,0.0
2025-09-05 08:38:50,18911.7,8470.3,8158.1,723.7,731.4,1.15,1410.0,58.9,89.42,2957.7,202.2,4579.3,2.88,0.0,0.0
2025-09-05 08:38:51,18850.9,8383.4,8470.0,715.0,722.9,1.16,1356.5,60.8,89.3,3053.8,196.7,4547.3,3.0,0.0,0.0
2025-09-05 08:38:52,18776.9,8639.7,8368.4,712.9,727.3,1.3,1488.2,60.3,89.34,2943.0,209.9,4491.8,2.95,0.0,0.0
2025-09-05 08:38:53,18706.8,8600.6,8401.6,722.7,728.1,1.41,1400.7,61.2,89.35,3040.8,184.9,4484.1,3.08,0.0,0.0
2025-09-05 08:38:54,18639.5,8394.0,8550.4,729.3,710.5,0.78,1403.1,59.1,89.34,3019.7,185.9,4450.2,3.23,0.1,0.0
2025-09-05 08:38:55,18560.1,8276.4,8472.3,737.7,730.4,1.22,1269.7,61.6,89.42,2977.3,191.4,4531.7,2.48,0.0,0.0
2025-09-05 08:38:56,18491.5,8668.1,8374.4,724.0,727.6,1.02,1406.5,60.5,89.45,2982.4,214.2,4496.8,2.62,0.0,0.0
2025-09-05 08:38:57,18411.1,8326.9,8522.2,726.7,709.4,1.33,1324.2,59.8,89.32,2980.8,209.8,4438.1,3.26,0.0,0.0
2025-09-05 08:38:58,18351.4,8551.7,8460.3,733.1,733.5,1.47,1336.7,59.0,89.41,3097.0,186.1,4423.9,3.03,0.0,0.0
2025-09-05 08:38:59,18273.6,8641.8,8414.9,733.6,728.1,1.28,1460.7,58.6,89.35,2952.7,191.8,4420.6,2.79,0.0,0.0
2025-09-05 08:39:00,18213.9,8268.6,8437.9,726.8,729.9,1.53,1284.8,58.2,89.42,3068.6,200.9,4376.0,2.88,0.0,0.0
2025-09-05 08:39:01,18137.4,8426.4,8429.1,727.2,731.0,0.95,1356.0,62.0,89.27,3058.2,196.6,4402.6,2.94,0.0,0.0
2025-09-05 08:39:02,18076.0,8341.0,8349.6,742.2,724.9,1.1,1422.0,58.1,89.35,2980.0,203.9,4388.1,3.15,0.0,0.0
2025-09-05 08:39:03,18008.8,8450.5,8331.5,724.8,719.7,0.95,1463.0,60.9,89.41,3093.5,191.5,4372.0,2.87,0.0,0.0
2025-09-05 08:39:04,17923.9,8422.8,8392.0,723.5,724.5,1.22,1324.6,59.7,89.33,2861.7,181.1,4345.0,2.94,0.0,0.0
2025-09-05 08:39:05,17858.8,8631.5,8262.2,714.5,724.5,1.22,1391.3,59.2,89.41,3013.9,201.5,4243.2,2.67,0.0,0.0
2025-09-05 08:39:06,17787.9,8452.8,8220.1,730.6,744.9,1.15,1386.8,59.4,89.34,3007.1,207.2,4308.9,3.23,0.0,0.0
2025-09-05 08:39:07,17731.4,8372.5,8550.3,725.0,741.9,0.89,1269.3,59.9,89.41,3000.8,182.2,4253.3,3.03,0.0,0.0
2025-09-05 08:39:08,17669.2,8517.4,8347.5,741.9,723.8,1.18,1184.9,61.3,89.38,3048.2,179.1,4230.1,2.85,0.0,0.0
2025-09-05 08:39:09,17592.4,8333.2,8373.1,724.3,724.2,1.09,1200.5,60.8,89.34,2976.4,191.9,4351.1,2.68,0.0,0.0
2025-09-05 08:39:10,17512.9,8318.6,8356.1,733.2,729.8,1.35,1405.4,60.0,89.33,2988.8,179.2,4243.1,2.94,0.0,0.0
2025-09-05 08:39:11,17457.4,8654.5,8374.2,734.0,731.6,1.13,1362.9,58.2,89.35,3066.3,199.8,4239.8,3.12,0.0,0.0
2025-09-05 08:39:12,17363.7,8254.4,8371.6,739.5,721.8,1.5,1243.2,57.6,89.4,2992.9,185.6,4221.9,3.4,0.0,0.0
2025-09-05 08:39:13,17317.8,8295.0,8374.6,716.3,719.3,1.26,1298.7,62.6,89.36,2939.7,202.7,4189.3,3.33,0.0,0.0
2025-09-05 08:39:14,17230.7,8361.8,8259.0,738.7,741.9,0.73,1316.5,58.7,89.33,3032.7,192.9,4260.2,2.87,0.0,0.0
2025-09-05 08:39:15,17143.7,8216.2,8482.3,726.4,735.0,1.16,1318.2,57.9,89.49,2994.8,197.2,4127.2,2.86,0.0,0.0
2025-09-05 08:39:16,17117.2,8076.9,8268.7,725.4,714.7,0.83,1343.2,61.6,89.29,2966.9,201.9,4193.3,2.75,0.1,0.0
2025-09-05 08:39:17,17038.7,8485.7,8490.7,723.7,713.0,1.45,1524.4,58.0,89.35,3031.6,194.2,4142.8,3.04,0.0,0.0
2025-09-05 08:39:18,16947.9,8244.0,8104.2,723.0,720.2,1.57,1278.2,61.1,89.38,2954.9,186.9,4192.7,2.8,0.0,0.0
2025-09-05 08:39:19,16887.6,8273.2,8213.1,723.3,728.2,1.19,1352.1,61.3,89.31,2942.7,204.2,4164.3,3.07,0.0,0.0
2025-09-05 08:39:20,16814.6,8292.6,8477.6,707.6,730.6,1.31,1275.6,60.4,89.35,2984.5,182.8,4124.0,3.02,0.0,0.0
2025-09-05 08:39:21,16747.2,8210.9,8326.9,729.8,723.6,0.83,1285.4,61.4,89.34,2988.6,208.7,4055.9,3.04,0.0,0.0
2025-09-05 08:39:22,16664.5,8196.4,8256.4,726.2,713.7,0.63,1263.0,58.1,89.29,3002.7,190.5,4120.5,2.76,0.0,0.0
2025-09-05 08:39:23,16601.0,8354.4,8389.9,718.1,727.8,1.06,1314.4,58.4,89.37,2929.7,191.3,4113.1,3.19,0.0,0.0
2025-09-05 08:39:24,16540.3,8642.7,8202.7,725.0,730.6,1.13,1286.3,59.8,89.31,3099.4,199.6,4088.4,2.92,0.0,0.0
2025-09-05 08:39:25,16468.4,8424.2,8346.1,743.4,725.9,0.81,1358.2,60.0,89.32,3038.8,199.8,4041.8,2.71,0.0,0.0
2025-09-05 08:39:26,16406.3,8423.1,8045.6,728.3,721.9,1.22,1345.3,59.9,89.4,3007.9,200.6,4059.7,2.95,0.0,0.0
2025-09-05 08:39:27,16327.4,8127.8,8272.3,722.2,730.2,1.28,1253.1,60.7,89.31,3012.9,182.8,3997.4,2.99,0.0,0.0
2025-09-05 08:39:28,16275.6,8317.8,8244.1,738.5,725.2,1.36,1481.1,59.0,89.37,2854.5,188.1,4018.7,2.97,0.0,0.0
2025-09-05 08:39:29,16181.1,8164.6,8396.2,718.8,716.8,1.6,1227.0,57.1,89.4,3053.2,199.1,4009.0,3.15,0.0,0.0
2025-09-05 08:39:30,16119.0,8416.3,8437.4,723.7,726.1,1.41,1349.9,60.6,89.39,2940.3,199.3,3974.4,3.2,0.0,0.0
2025-09-05 08:39:31,16031.6,8283.8,8210.0,720.5,715.3,1.11,1496.3,59.7,89.37,3028.8,195.2,3934.4,3.42,0.1,0.0
2025-09-05 08:39:32,15967.0,8315.9,8527.7,722.9,732.7,1.23,1259.0,61.2,89.34,2930.3,207.6,3946.8,2.94,0.0,0.0
2025-09-05 08:39:33,15917.7,8296.9,8239.1,730.3,728.8,1.35,1423.9,62.9,89.29,3056.7,194.4,3910.4,3.21,0.1,0.0
2025-09-05 08:39:34,15829.6,8230.1,8046.3,729.1,717.3,0.93,1429.8,60.1,89.35,2968.6,204.5,3885.6,2.45,0.0,0.0
2025-09-05 08:39:35,15771.5,8105.6,8001.7,718.7,726.6,1.54,1339.6,60.8,89.37,2987.3,205.8,3948.9,3.34,0.0,0.0
2025-09-05 08:39:36,15696.8,8376.2,8508.6,723.3,734.6,1.43,1159.1,58.8,89.33,3088.3,199.1,3893.6,2.96,0.0,0.0
2025-09-05 08:39:37,15619.0,8118.6,8294.7,724.9,708.1,1.14,1424.5,61.3,89.31,3057.0,194.3,3867.2,3.22,0.1,0.0
2025-09-05 08:39:38,15554.6,8142.4,8219.4,721.0,723.6,1.04,1314.2,60.5,89.38,2919.8,202.7,3853.2,2.92,0.0,0.0
2025-09-05 08:39:39,15483.4,8254.7,8203.8,723.8,737.4,2.0,1260.1,60.4,89.3,2959.1,200.0,3872.0,3.08,0.0,0.0
2025-09-05 08:39:40,15413.6,8199.1,8156.6,718.3,712.4,1.42,1407.4,61.3,89.36,3010.9,201.6,3832.0,3.09,0.0,0.0
2025-09-05 08:39:41,15353.6,8322.4,8471.8,718.1,723.1,1.44,1242.0,58.5,89.33,2986.0,188.2,3804.9,2.85,0.1,0.0
2025-09-05 08:39:42,15282.9,8417.2,8282.6,724.1,713.2,1.66,1386.5,60.8,89.28,3046.5,200.2,3824.7,2.86,0.0,0.0
2025-09-05 08:39:43,15203.1,8315.7,8523.8,715.6,723.6,1.45,1252.9,60.7,89.41,2959.9,210.4,3806.3,2.39,0.0,0.0
2025-09-05 08:39:44,15130.5,8306.5,8262.6,726.8,705.4,1.25,1339.8,62.2,89.37,2890.8,193.5,3756.4,3.08,0.0,0.0
2025-09-05 08:39:45,15070.1,8281.4,7980.5,722.0,711.3,1.38,1206.2,57.5,89.36,2946.7,197.3,3736.6,2.94,0.1,0.0
2025-09-05 08:39:46,14997.1,8387.4,8393.3,716.2,719.7,0.97,1260.0,59.9,89.29,2988.9,193.9,3804.4,2.93,0.0,0.0
2025-09-05 08:39:47,14936.2,8033.4,8233.1,718.5,724.9,1.38,1215.8,63.0,89.34,3031.4,204.0,3736.1,3.22,0.1,0.0
2025-09-05 08:39:48,14879.3,8318.6,8247.7,719.5,726.7,0.81,1230.7,59.5,89.35,3042.7,177.5,3773.4,3.04,0.0,0.0
2025-09-05 08:39:49,14794.8,8147.1,8479.7,721.9,726.9,1.31,1302.4,59.4,89.31,3071.9,210.4,3738.6,3.02,0.0,0.0
2025-09-05 08:39:50,14717.9,8105.5,8239.2,723.9,732.5,1.34,1271.3,62.5,89.41,3013.2,200.6,3701.6,2.6,0.0,0.0
2025-09-05 08:39:51,14646.8,8263.9,8422.0,721.3,728.9,0.8,1298.9,63.5,89.26,2987.8,194.0,3681.9,3.01,0.0,0.0
2025-09-05 08:39:52,14571.4,8210.5,8267.8,716.1,729.1,1.69,1386.6,60.2,89.37,3042.0,198.5,3732.3,2.92,0.0,0.0
2025-09-05 08:39:53,14501.1,8334.1,8168.2,733.9,715.6,0.91,1270.6,59.0,89.26,2993.8,206.2,3640.1,3.17,0.0,0.0
2025-09-05 08:39:54,14430.4,8398.9,8329.4,729.7,721.9,1.47,1126.2,59.2,89.28,2972.4,199.4,3634.8,2.88,0.1,0.0
2025-09-05 08:39:55,14365.3,7951.0,8182.9,723.4,747.9,1.07,1252.9,59.5,89.29,2972.5,202.1,3605.9,2.73,0.0,0.0
2025-09-05 08:39:56,14295.1,8241.4,8418.1,729.8,740.7,1.28,1281.2,58.9,89.36,3053.5,206.9,3615.0,2.93,0.0,0.0
2025-09-05 08:39:57,14234.6,8502.9,8380.7,724.9,729.3,1.03,1356.1,58.9,89.31,3085.8,197.6,3574.2,3.35,0.1,0.0
2025-09-05 08:39:58,14155.5,8358.6,8261.6,720.2,728.5,1.84,1355.6,60.3,89.31,3075.9,202.7,3596.6,2.81,0.0,0.0
2025-09-05 08:39:59,14087.1,8431.3,8330.2,722.8,730.4,1.47,1347.0,60.1,89.3,2906.9,209.3,3535.3,3.24,0.0,0.0
2025-09-05 08:40:00,14009.0,8254.0,8321.8,742.8,719.4,1.67,1249.0,60.7,89.28,3063.0,201.1,3582.6,2.95,0.0,0.0
2025-09-05 08:40:01,13962.0,8051.7,8210.1,729.7,737.8,1.4,1318.5,60.1,89.3,2934.6,190.5,3562.4,2.58,0.0,0.0
2025-09-05 08:40:02,13883.0,8089.5,8359.8,730.0,719.4,1.38,1146.2,58.4,89.29,2979.8,203.0,3544.1,3.11,0.0,0.0
2025-09-05 08:40:03,13823.3,8325.8,8211.4,718.7,721.7,1.24,1367.9,61.0,89.32,3033.6,214.4,3502.2,3.46,0.0,0.0
2025-09-05 08:40:04,13745.4,8355.4,8318.5,726.3,739.3,1.14,1296.3,60.4,89.32,2922.2,193.3,3553.2,3.08,0.0,0.0
2025-09-05 08:40:05,13681.0,8133.1,8112.4,739.1,705.8,1.36,1300.2,59.2,89.24,2928.4,200.2,3564.3,2.77,0.1,0.0
2025-09-05 08:40:06,13597.2,8190.9,8246.7,724.8,724.9,1.25,1225.9,59.7,89.31,2956.1,200.0,3476.6,2.94,0.0,0.0
2025-09-05 08:40:07,13535.0,8257.2,8285.0,729.7,708.4,1.17,1259.7,60.5,89.38,3097.5,204.0,3440.7,2.81,0.0,0.0
2025-09-05 08:40:08,13480.9,7993.2,8125.9,731.1,716.7,0.85,1198.7,60.1,89.31,3062.1,192.4,3475.5,3.56,0.0,0.0
2025-09-05 08:40:09,13379.6,8172.7,8172.0,726.2,721.0,1.13,1297.9,59.9,89.33,2947.5,195.9,3432.1,3.1,0.0,0.0
2025-09-05 08:40:10,13328.8,8426.1,8154.3,733.4,718.9,1.36,1141.3,61.1,89.3,3007.6,213.6,3430.4,2.51,0.0,0.0
2025-09-05 08:40:11,13263.1,8497.3,8315.9,722.8,722.9,1.08,1327.4,61.5,89.3,3007.5,202.3,3433.8,3.16,0.0,0.0
2025-09-05 08:40:12,13182.9,8196.6,8125.2,724.8,715.4,1.29,1290.7,59.6,89.33,3017.8,190.6,3350.8,3.08,0.0,0.0
2025-09-05 08:40:13,13115.7,8446.3,8273.3,716.0,720.5,1.17,1410.0,60.0,89.27,2958.4,203.2,3408.7,2.78,0.0,0.0
2025-09-05 08:40:14,13049.9,8137.5,8412.1,741.2,711.9,0.94,1239.6,58.5,89.32,3083.2,196.7,3333.7,2.87,0.0,0.0
2025-09-05 08:40:15,12964.4,8097.9,8257.8,723.0,718.1,0.97,1233.4,59.8,89.26,2977.6,209.9,3312.8,2.98,0.0,0.0
2025-09-05 08:40:16,12903.1,7909.7,7999.5,721.4,710.2,1.02,1255.0,60.7,89.34,3047.2,181.7,3328.5,3.34,0.0,0.0
2025-09-05 08:40:17,12822.7,8322.6,8222.9,731.2,726.1,1.13,1240.4,61.2,89.26,2902.0,197.0,3378.2,2.89,0.0,0.0
2025-09-05 08:40:18,12754.4,8147.1,8339.4,716.6,710.7,1.14,1226.9,60.3,89.35,3022.4,204.9,3292.1,2.84,0.0,0.0
2025-09-05 08:40:19,12684.9,8497.4,8164.4,720.2,726.3,1.49,1143.8,59.9,89.37,3008.0,184.8,3316.0,3.19,0.0,0.0
2025-09-05 08:40:20,12618.9,8233.8,8343.4,714.1,717.4,0.93,1141.8,59.0,89.26,3078.4,189.5,3253.9,2.87,0.0,0.0
2025-09-05 08:40:21,12551.3,8212.7,8277.1,720.2,718.2,0.68,1184.0,60.3,89.35,2849.0,200.4,3293.6,2.79,0.0,0.0
2025-09-05 08:40:22,12483.9,7950.9,8249.0,717.0,729.8,1.38,1204.8,58.5,89.31,3031.8,196.5,3269.1,2.97,0.0,0.0
2025-09-05 08:40:23,12398.6,8378.2,8157.8,724.1,721.3,1.09,1129.8,60.2,89.37,3046.8,193.5,3283.9,3.16,0.0,0.0
2025-09-05 08:40:24,12356.5,8133.6,8122.7,718.8,705.4,1.18,1130.1,60.1,89.3,2984.3,198.9,3236.3,3.03,0.0,0.0
2025-09-05 08:40:25,12279.8,8157.3,8153.6,715.1,724.2,1.86,1200.0,58.8,89.31,3076.0,183.7,3216.5,2.92,0.0,0.0
2025-09-05 08:40:26,12206.4,7888.9,8192.6,717.3,697.3,1.58,1282.0,60.5,89.31,3121.6,188.7,3137.8,3.29,0.1,0.0
2025-09-05 08:40:27,12127.5,8293.7,8249.9,718.6,722.1,1.36,1204.1,59.7,89.37,3050.8,211.6,3199.2,3.28,0.0,0.0
2025-09-05 08:40:28,12059.8,8299.3,8234.2,715.4,716.8,1.45,1273.3,60.9,89.24,3046.6,190.4,3201.6,2.68,0.0,0.0
2025-09-05 08:40:29,11995.1,8089.5,8137.9,726.6,708.8,1.24,1295.6,59.4,89.35,3077.9,200.1,3167.3,2.77,0.0,0.0
2025-09-05 08:40:30,11924.0,8177.9,8183.1,724.4,720.4,1.45,1277.1,60.7,89.32,3025.2,195.7,3152.8,2.82,0.0,0.0
2025-09-05 08:40:31,11837.0,8214.3,8222.5,720.3,717.2,1.05,1178.2,62.2,89.3,3070.9,203.8,3151.9,2.96,0.0,0.0
2025-09-05 08:40:32,11786.9,8286.0,7958.4,709.8,735.4,1.02,1177.8,60.3,89.31,3034.5,199.1,3148.5,3.04,0.0,0.0
2025-09-05 08:40:33,11734.8,8171.9,8067.3,722.9,716.0,1.09,1056.7,61.1,89.35,2960.0,199.8,3073.7,2.99,0.0,0.0
2025-09-05 08:40:34,11625.8,8379.8,8060.9,708.9,734.7,1.61,1151.5,59.1,89.35,2938.7,206.6,3088.1,3.02,0.0,0.0
2025-09-05 08:40:35,11579.1,8121.8,8135.8,720.2,730.2,1.61,1243.8,59.5,89.38,3067.9,199.0,3091.5,3.09,0.0,0.0
2025-09-05 08:40:36,11504.1,8072.0,8124.0,719.0,714.4,1.05,1114.9,57.4,89.29,3034.5,181.0,3071.5,2.75,0.0,0.0
2025-09-05 08:40:37,11430.2,8087.7,8123.9,714.0,712.6,1.5,1312.6,59.8,89.24,2960.9,190.3,3015.8,2.57,0.0,0.0
2025-09-05 08:40:38,11372.4,7816.0,8041.5,712.0,729.5,1.17,1317.3,58.5,89.29,3001.3,208.9,2966.4,3.07,0.0,0.0
2025-09-05 08:40:39,11281.5,8038.5,8239.9,713.0,717.8,1.48,1168.3,60.2,89.31,3084.7,205.6,3031.9,3.26,0.0,0.0
2025-09-05 08:40:40,11222.6,8271.8,8186.1,734.2,720.1,1.13,1272.0,57.2,89.3,2900.3,194.1,3031.7,3.05,0.0,0.0
2025-09-05 08:40:41,11163.4,8172.9,7934.0,716.1,716.7,1.45,1079.1,58.8,89.36,2947.4,182.0,3050.7,2.93,0.1,0.0
2025-09-05 08:40:42,11079.8,8029.5,8146.8,716.5,709.0,1.18,1107.4,60.1,89.4,3040.3,189.8,2993.5,3.12,0.0,0.0
2025-09-05 08:40:43,11008.0,8179.0,7996.2,725.4,715.6,1.13,1160.9,60.6,89.33,3047.6,214.7,2935.0,2.94,0.0,0.0
2025-09-05 08:40:44,10942.5,7868.6,8361.4,721.1,710.8,1.2,1190.3,57.8,89.24,2931.8,206.8,2966.3,2.75,0.1,0.0
2025-09-05 08:40:45,10868.0,8091.5,8078.4,726.0,706.2,1.25,1172.6,59.5,89.35,2942.0,207.1,2933.1,2.93,0.0,0.0
2025-09-05 08:40:46,10814.4,8194.3,8084.0,708.2,715.9,1.06,1115.6,63.5,89.29,3009.4,181.8,2899.7,3.17,0.0,0.0
2025-09-05 08:40:47,10724.3,8214.3,8143.6,709.2,732.3,0.86,1344.8,61.1,89.31,3081.3,184.1,2859.6,3.08,0.0,0.0
2025-09-05 08:40:48,10669.0,8020.4,8104.2,743.3,730.9,1.64,1206.2,60.2,89.34,3000.5,190.9,2832.3,3.15,0.0,0.0
2025-09-05 08:40:49,10581.6,8237.2,8120.2,717.1,717.5,1.11,1204.1,56.2,89.32,2865.0,184.1,2857.0,2.91,0.1,0.0
2025-09-05 08:40:50,10527.4,8359.1,8326.4,715.1,719.0,0.74,1234.6,58.8,89.31,3059.5,197.2,2852.7,3.13,0.0,0.0
2025-09-05 08:40:51,10451.1,8058.1,8152.2,718.5,721.9,0.63,1191.5,60.7,89.32,2998.5,186.4,2855.3,3.3,0.1,0.0
2025-09-05 08:40:52,10360.8,8207.4,8228.8,724.8,728.5,0.5,1156.5,60.3,89.34,2973.1,200.4,2839.7,2.95,0.0,0.0
2025-09-05 08:40:53,10312.1,7906.1,8264.4,707.9,720.1,1.05,1128.1,60.6,89.33,2932.4,194.2,2833.0,2.92,0.0,0.0
2025-09-05 08:40:54,10233.4,7851.1,7988.6,719.1,713.7,1.56,1038.0,61.3,89.39,3069.1,191.2,2877.1,3.27,0.0,0.0
2025-09-05 08:40:55,10168.6,8183.3,8332.4,716.6,714.3,0.79,1292.1,60.2,89.19,3015.3,202.0,2795.0,3.04,0.0,0.0
2025-09-05 08:40:56,10114.9,8106.8,8199.8,722.0,726.3,1.13,1093.0,61.2,89.28,3023.2,200.1,2830.5,2.78,0.0,0.0
2025-09-05 08:40:57,10023.2,8124.7,8232.3,718.0,737.9,0.74,1030.6,57.6,89.28,3020.1,197.3,2742.3,2.94,0.0,0.0
2025-09-05 08:40:58,9953.7,8020.4,7993.2,712.5,712.2,1.49,1098.7,63.5,89.34,3025.1,192.9,2730.2,3.28,0.0,0.0
2025-09-05 08:40:59,9904.3,8055.5,8209.2,709.8,700.7,1.3,1032.1,59.6,89.31,3048.4,195.7,2723.2,3.09,0.0,0.0
2025-09-05 08:41:00,9823.5,8196.7,8154.2,697.6,723.4,1.29,1324.0,59.1,89.34,3099.3,179.0,2665.3,3.4,0.0,0.0
2025-09-05 08:41:01,9765.3,8312.2,8028.1,723.9,716.2,1.56,1189.2,62.1,89.25,2938.1,178.7,2770.5,3.15,0.0,0.0
2025-09-05 08:41:02,9685.3,8058.1,8392.2,704.9,717.9,1.63,1272.7,60.8,89.29,2995.4,190.1,2708.1,3.08,0.1,0.0
2025-09-05 08:41:03,9605.5,7869.2,8166.6,713.0,726.5,1.47,1274.6,61.4,89.33,2973.5,197.4,2710.3,3.24,0.0,0.0
2025-09-05 08:41:04,9542.3,8247.0,8059.3,728.8,717.1,1.06,1200.5,59.2,89.3,3097.4,211.8,2731.1,2.9,0.0,0.0
2025-09-05 08:41:05,9483.0,8157.2,8113.2,712.7,705.9,0.87,1199.1,60.4,89.29,2983.0,199.7,2673.1,3.24,0.0,0.0
2025-09-05 08:41:06,9410.7,8165.0,8203.8,720.5,700.8,0.94,1091.5,61.0,89.31,2906.2,187.3,2699.8,3.01,0.0,0.0
2025-09-05 08:41:07,9333.0,8097.5,8229.9,714.1,715.9,0.76,1141.9,58.5,89.37,2998.2,191.8,2548.0,2.98,0.0,0.0
2025-09-05 08:41:08,9263.4,8373.5,8156.1,721.0,707.0,1.67,1097.6,59.7,89.22,2957.2,184.9,2659.5,3.11,0.0,0.0
2025-09-05 08:41:09,9192.2,8078.7,8236.3,715.8,718.4,1.16,1148.7,59.7,89.36,2956.8,195.7,2612.0,2.94,0.0,0.0
2025-09-05 08:41:10,9118.4,8133.3,8266.7,711.5,705.9,1.24,1086.3,59.6,89.31,2973.8,195.3,2568.5,2.8,0.0,0.0
2025-09-05 08:41:11,9069.1,7822.9,7912.5,725.8,713.1,1.26,1245.1,59.1,89.27,2923.8,195.8,2611.2,2.85,0.0,0.0
2025-09-05 08:41:12,8983.4,7986.1,8007.4,713.2,704.1,1.73,1202.3,58.3,89.33,2887.5,198.5,2560.7,3.14,0.0,0.0
2025-09-05 08:41:13,8904.1,7969.6,7945.9,704.9,712.8,1.07,1129.4,60.6,89.3,3113.0,205.4,2521.5,3.09,0.0,0.0
2025-09-05 08:41:14,8839.5,8052.5,8078.2,712.5,712.1,1.51,999.9,60.4,89.35,2992.4,202.2,2464.5,3.05,0.0,0.0
2025-09-05 08:41:15,8779.5,8099.2,8250.7,719.1,720.3,1.29,1190.5,61.6,89.27,2945.4,185.9,2579.3,3.18,0.0,0.0
2025-09-05 08:41:16,8708.8,7953.9,8145.5,706.3,726.2,1.17,1205.0,59.9,89.34,3035.9,203.6,2413.4,2.86,0.0,0.0
2025-09-05 08:41:17,8632.5,8274.0,7922.2,720.8,713.9,0.72,1125.4,59.1,89.26,3077.2,187.1,2492.3,2.95,0.0,0.0
2025-09-05 08:41:18,8558.2,7907.8,8017.4,720.6,708.4,1.45,1026.3,58.0,89.31,2898.2,199.5,2531.0,3.36,0.0,0.0
2025-09-05 08:41:19,8493.9,7985.3,8186.8,730.9,730.8,1.02,1162.8,60.1,89.32,2973.8,197.0,2484.4,2.85,0.1,0.0
2025-09-05 08:41:20,8410.0,8072.4,7981.5,709.6,718.0,1.09,1211.4,59.6,89.29,3016.0,211.0,2426.1,3.29,0.1,0.0
2025-09-05 08:41:21,8343.2,7876.1,8035.5,719.5,719.9,1.27,967.4,62.8,89.32,2950.7,195.2,2424.5,2.98,0.0,0.0
2025-09-05 08:41:22,8290.5,8110.6,8085.2,701.5,719.7,1.23,1168.4,63.2,89.27,3025.9,195.3,2398.6,3.14,0.0,0.0
2025-09-05 08:41:23,8210.0,8116.2,7806.3,711.0,726.4,1.5,972.1,62.2,89.34,2927.9,193.7,2414.4,3.09,0.0,0.0
2025-09-05 08:41:24,8147.1,7993.3,8141.9,714.9,722.8,1.04,1125.0,58.8,89.27,2961.0,203.8,2389.2,2.99,0.0,0.0
2025-09-05 08:41:25,8084.1,8277.1,8082.6,717.2,720.0,1.25,1259.4,58.1,89.27,2992.7,198.9,2333.2,3.06,0.0,0.0
2025-09-05 08:41:26,8009.5,8037.0,8109.5,713.5,720.6,1.28,1122.5,59.7,89.29,3024.6,193.8,2312.9,3.23,0.0,0.0
2025-09-05 08:41:27,7934.4,8060.4,7905.9,713.2,707.6,1.22,1152.4,58.8,89.29,3002.0,203.5,2389.5,2.9,0.1,0.0
2025-09-05 08:41:28,7881.8,7896.4,7930.7,709.0,709.5,1.39,1085.2,62.0,89.26,2960.1,214.8,2291.7,2.85,0.0,0.0
2025-09-05 08:41:29,7799.9,7801.0,7950.5,710.2,713.4,1.15,1109.2,60.2,89.32,2978.3,210.6,2282.6,3.22,0.0,0.0
2025-09-05 08:41:30,7721.5,7934.2,8058.1,715.9,714.9,1.52,1299.7,59.5,89.29,2876.9,209.5,2388.6,2.97,0.0,0.0
2025-09-05 08:41:31,7660.5,7972.0,8032.2,717.8,714.2,1.03,1215.0,60.0,89.31,3123.6,191.4,2264.9,3.01,0.0,0.0
2025-09-05 08:41:32,7587.9,7952.1,8037.2,718.3,716.4,0.84,1078.7,61.7,89.23,2975.9,195.4,2234.1,3.01,0.0,0.0
2025-09-05 08:41:33,7507.6,8108.8,8251.0,720.9,714.1,1.2,1071.5,58.7,89.24,2982.5,197.6,2232.1,2.96,0.0,0.0
2025-09-05 08:41:34,7445.3,7695.9,8185.3,722.3,710.4,1.51,1102.3,60.7,89.28,3015.1,181.1,2278.4,2.69,0.1,0.0
2025-09-05 08:41:35,7373.4,7856.3,7919.6,699.3,700.7,1.08,1278.1,58.2,89.25,3032.8,211.4,2211.8,3.03,0.0,0.0
2025-09-05 08:41:36,7288.6,7763.7,7925.6,709.0,720.3,1.05,1114.3,59.7,89.28,3019.6,183.4,2218.9,2.96,0.0,0.0
2025-09-05 08:41:37,7233.4,8173.3,8231.1,711.7,718.2,1.12,1186.3,59.1,89.31,2960.3,199.7,2129.4,2.78,0.0,0.0
2025-09-05 08:41:38,7162.6,7922.8,7964.3,707.9,706.4,1.25,1064.0,60.4,89.33,2903.4,185.2,2174.1,2.94,0.0,0.0
2025-09-05 08:41:39,7091.4,7926.8,8182.3,720.8,717.3,1.17,988.2,60.2,89.35,2989.5,197.3,2182.8,3.1,0.0,0.0
2025-09-05 08:41:40,7011.5,7848.0,8208.3,718.4,716.4,1.29,1198.2,61.7,89.32,2953.3,203.5,2169.2,3.4,0.1,0.0
2025-09-05 08:41:41,6952.2,8105.8,7927.5,711.7,713.7,0.77,1082.2,61.0,89.26,2967.5,200.8,2204.6,2.94,0.1,0.0
2025-09-05 08:41:42,6884.9,7932.7,7960.5,713.4,698.4,1.6,1022.7,59.2,89.31,2999.5,188.6,2157.1,3.32,0.1,0.0
2025-09-05 08:41:43,6816.1,8012.7,8003.8,722.0,703.3,1.36,1028.4,58.2,89.26,3013.6,190.4,2024.9,2.96,0.1,0.0
2025-09-05 08:41:44,6736.0,7716.6,7878.2,709.6,708.0,0.99,1028.4,58.9,89.31,3074.6,204.4,2054.7,3.15,0.1,0.0
2025-09-05 08:41:45,6680.6,8131.2,7860.9,709.7,725.6,1.56,1031.8,59.4,89.24,2991.0,195.6,2066.4,3.0,0.0,0.0
2025-09-05 08:41:46,6595.4,8027.7,7933.3,719.0,705.8,1.33,954.0,59.7,89.34,2899.3,197.2,2073.0,3.2,0.0,0.0
2025-09-05 08:41:47,6533.7,8045.6,8093.8,715.6,709.8,1.59,1175.7,59.0,89.3,3033.5,204.5,2071.0,3.08,0.1,0.0
2025-09-05 08:41:48,6476.3,8132.2,7922.2,722.8,703.6,0.91,1107.2,61.5,89.27,3053.4,173.9,2077.2,2.98,0.0,0.0
2025-09-05 08:41:49,6389.9,7943.7,7951.1,714.6,708.4,1.64,1153.7,61.3,89.23,2904.0,198.5,1982.5,2.75,0.0,0.0
2025-09-05 08:41:50,6321.5,7944.6,7915.0,717.4,715.0,1.22,1044.4,59.6,89.29,3034.7,207.4,1949.5,3.25,0.0,0.0
2025-09-05 08:41:51,6264.6,8057.3,7795.5,707.4,695.6,0.68,1098.9,59.3,89.26,3010.4,212.0,2040.8,2.76,0.0,0.0
2025-09-05 08:41:52,6182.6,8016.9,8163.4,704.3,689.4,1.4,1082.5,59.7,89.29,2968.0,202.3,1964.2,2.94,0.0,0.0
2025-09-05 08:41:53,6113.4,7927.0,7663.5,711.3,717.3,1.13,1162.8,59.9,89.25,3009.5,189.7,1902.9,3.41,0.0,0.0
2025-09-05 08:41:54,6047.7,7962.1,7880.4,691.0,712.2,0.95,1131.7,60.0,89.26,3022.1,204.8,1937.8,3.11,0.0,0.0
2025-09-05 08:41:55,5984.6,7888.3,8035.6,714.3,707.0,1.16,1092.8,57.8,89.3,3033.9,212.8,1941.6,3.08,0.0,0.0
2025-09-05 08:41:56,5887.9,8044.4,7779.0,718.6,719.4,0.71,1008.9,59.4,89.34,3066.2,190.6,1900.7,3.09,0.0,0.0
2025-09-05 08:41:57,5829.3,8070.5,8036.5,711.6,719.4,1.36,962.2,57.4,89.23,2998.7,189.8,1887.9,3.11,0.0,0.0
2025-09-05 08:41:58,5757.9,7947.1,8118.2,709.2,694.8,1.16,993.1,60.1,89.27,2999.1,194.9,1950.3,2.99,0.0,0.0
2025-09-05 08:41:59,5687.3,8188.5,7841.1,719.2,710.1,1.14,1004.9,60.9,89.29,3139.8,192.6,1862.3,3.13,0.0,0.0
2025-09-05 08:42:00,5619.3,7741.2,7977.5,710.4,720.2,1.57,1010.8,58.6,89.27,2937.4,178.2,1897.5,3.03,0.0,0.0
2025-09-05 08:42:01,5549.5,7908.6,7803.5,718.2,705.9,1.22,952.2,60.2,89.26,2983.6,175.3,1880.3,3.0,0.1,0.0
2025-09-05 08:42:02,5488.9,8159.3,8011.3,727.4,708.6,1.04,1186.3,59.2,89.36,2978.9,184.6,1846.3,3.16,0.0,0.0
2025-09-05 08:42:03,5409.2,7879.1,7954.3,716.0,718.7,0.97,1071.3,59.1,89.24,3044.1,190.6,1927.3,3.19,0.0,0.0
2025-09-05 08:42:04,5347.6,7723.1,7968.4,717.6,708.8,1.19,883.5,62.7,89.29,3063.8,200.1,1783.6,3.14,0.0,0.0
2025-09-05 08:42:05,5279.9,8110.7,8115.4,714.1,701.3,1.48,956.9,61.2,89.26,2922.7,191.6,1907.2,3.26,0.0,0.0
2025-09-05 08:42:06,5200.7,7997.5,7996.6,712.1,705.3,1.06,935.0,60.7,89.27,3071.0,197.8,1769.4,3.44,0.0,0.0
2025-09-05 08:42:07,5137.8,7768.4,8107.8,712.2,700.1,0.94,1061.7,59.4,89.18,2930.4,208.3,1779.5,3.41,0.0,0.0
2025-09-05 08:42:08,5080.2,8022.4,8012.7,710.5,715.0,1.45,1127.3,60.6,89.31,3151.1,222.7,1785.6,3.09,0.0,0.0
2025-09-05 08:42:09,4999.5,7785.8,7771.8,718.2,696.7,1.23,958.5,59.7,89.26,2960.5,204.0,1799.8,2.85,0.0,0.0
2025-09-05 08:42:10,4921.7,7741.9,7959.3,697.5,718.4,1.2,1087.3,60.6,89.23,3063.7,187.6,1771.5,3.3,0.0,0.0
2025-09-05 08:42:11,4856.5,7894.2,7986.4,707.7,697.2,1.75,1012.7,58.8,89.34,2984.0,205.0,1720.9,3.1,0.0,0.0
2025-09-05 08:42:12,4779.6,7848.9,7732.3,714.7,710.6,0.9,1126.9,59.9,89.26,3040.7,196.2,1706.9,3.23,0.1,0.0
2025-09-05 08:42:13,4719.3,7766.0,8091.1,703.1,698.4,1.26,1142.7,59.5,89.25,2956.0,199.2,1746.3,3.0,0.0,0.0
2025-09-05 08:42:14,4654.2,7858.9,7924.1,708.6,707.5,0.75,1055.1,58.1,89.24,3007.2,204.7,1744.9,3.25,0.0,0.0
2025-09-05 08:42:15,4570.5,7773.1,7960.6,704.0,718.1,1.13,1086.5,62.3,89.31,3000.9,203.1,1658.6,2.86,0.0,0.0
2025-09-05 08:42:16,4505.6,7909.3,7793.7,712.6,718.8,1.36,1026.1,61.1,89.27,3004.9,184.6,1706.2,3.11,0.1,0.0
2025-09-05 08:42:17,4446.5,7896.0,7917.2,715.8,720.2,1.5,994.2,58.9,89.26,3045.7,186.1,1669.2,2.81,0.0,0.0
2025-09-05 08:42:18,4363.4,7993.6,7944.2,720.2,708.9,0.88,928.2,58.0,89.22,2973.9,198.6,1644.4,3.48,0.0,0.0
2025-09-05 08:42:19,4299.0,7834.8,7860.3,712.8,710.4,1.43,1047.6,59.0,89.23,2980.7,202.4,1583.0,3.03,0.0,0.0
2025-09-05 08:42:20,4219.2,7718.0,7910.7,703.4,711.3,1.41,1013.5,58.9,89.28,2923.1,214.8,1563.4,2.67,0.0,0.0
2025-09-05 08:42:21,4150.9,7717.1,7622.2,710.7,714.3,1.18,986.2,59.2,89.27,2991.5,201.5,1608.6,3.33,0.0,0.0
2025-09-05 08:42:22,4083.5,7854.5,8072.3,713.0,706.1,1.84,1009.5,57.9,89.19,2971.0,193.0,1482.4,3.27,0.0,0.0
2025-09-05 08:42:23,4035.2,8084.2,7747.8,719.4,718.0,1.21,998.8,58.9,89.23,3050.9,191.9,1548.2,3.36,0.0,0.0
2025-09-05 08:42:24,3944.5,7992.1,7606.5,692.1,711.7,0.98,927.8,60.1,89.28,3038.5,189.9,1566.6,2.86,0.0,0.0
2025-09-05 08:42:25,3873.6,7795.5,7762.8,711.2,718.1,1.32,967.5,60.6,89.37,2957.5,184.7,1479.3,3.16,0.0,0.0
2025-09-05 08:42:26,3803.4,7999.3,7776.6,694.3,712.7,0.73,1101.3,57.3,89.24,3025.3,184.6,1580.8,3.35,0.0,0.0
2025-09-05 08:42:27,3736.7,7722.9,7953.3,713.7,714.2,1.61,987.9,60.0,89.18,3075.9,191.3,1567.9,3.05,0.0,0.0
2025-09-05 08:42:28,3673.3,8003.6,7761.3,711.5,702.9,1.46,1118.3,58.7,89.3,2987.4,197.0,1458.7,3.16,0.0,0.0
2025-09-05 08:42:29,3599.6,7819.1,7914.5,711.8,705.3,1.11,909.6,58.6,89.25,2931.5,189.4,1477.9,3.05,0.1,0.0
2025-09-05 08:42:30,3544.6,7966.7,7750.3,714.7,698.2,1.37,891.6,59.6,89.21,3142.6,196.3,1463.5,3.03,0.1,0.0
2025-09-05 08:42:31,3460.0,7945.2,8159.5,710.8,706.1,1.35,1010.0,59.1,89.29,3031.8,193.7,1434.9,3.36,0.0,0.0
2025-09-05 08:42:32,3399.9,7825.4,7940.9,702.8,706.9,1.71,1060.9,61.0,89.25,3040.5,194.1,1423.0,2.94,0.0,0.0
2025-09-05 08:42:33,3320.6,7901.7,8121.8,710.3,714.9,1.05,942.9,61.0,89.22,3145.1,192.3,1443.0,3.1,0.1,0.0
2025-09-05 08:42:34,3253.3,7717.4,7733.1,716.7,698.1,0.88,1045.1,59.6,89.21,2953.2,198.7,1470.5,3.21,0.1,0.0
2025-09-05 08:42:35,3166.9,7844.4,7948.8,706.6,733.9,0.69,1068.3,59.1,89.26,3017.4,196.3,1401.1,3.1,0.0,0.0
2025-09-05 08:42:36,3107.5,7992.7,7735.7,707.6,707.0,1.13,1077.8,62.5,89.26,2889.5,172.8,1387.9,3.26,0.0,0.0
2025-09-05 08:42:37,3038.1,8383.1,7932.6,698.0,717.9,0.81,980.0,62.6,89.19,3028.2,198.5,1374.9,2.7,0.1,0.0
2025-09-05 08:42:38,2966.7,7938.2,7943.0,716.1,716.1,1.17,983.1,60.5,89.3,3022.6,197.1,1332.2,3.32,0.0,0.0
2025-09-05 08:42:39,2881.5,7855.5,7645.1,703.2,687.5,1.32,851.7,59.8,89.21,2954.2,190.8,1364.1,2.86,0.1,0.0
2025-09-05 08:42:40,2835.9,7709.5,7702.1,701.3,705.5,1.1,985.6,61.4,89.32,2950.1,197.6,1311.0,3.05,0.0,0.0
2025-09-05 08:42:41,2755.8,7977.1,7695.7,703.5,719.3,0.97,1004.7,62.0,89.27,2989.4,190.0,1279.9,3.03,0.0,0.0
2025-09-05 08:42:42,2685.4,7620.6,7649.3,700.2,688.0,1.52,1094.7,59.3,89.25,2986.2,197.2,1323.2,3.19,0.0,0.0
2025-09-05 08:42:43,2617.0,7729.4,7747.2,704.8,713.4,1.16,875.4,62.5,89.27,3091.6,188.4,1221.1,3.06,0.0,0.0
2025-09-05 08:42:44,2547.2,7878.2,7714.8,716.4,699.9,1.27,908.0,59.8,89.23,2985.4,202.2,1254.7,3.02,0.0,0.0
2025-09-05 08:42:45,2482.4,7671.9,7649.3,712.6,703.4,1.46,893.7,61.5,89.25,2990.4,199.2,1244.6,3.24,0.1,0.0
2025-09-05 08:42:46,2399.0,8027.3,7847.3,717.3,708.8,0.87,1045.9,59.3,89.32,2989.4,183.3,1239.7,3.51,0.0,0.0
2025-09-05 08:42:47,2331.8,7966.5,7903.0,717.7,692.0,0.97,766.4,60.1,89.23,2906.7,190.0,1176.5,2.98,0.0,0.0
2025-09-05 08:42:48,2271.6,7747.4,7658.6,699.4,708.4,1.85,881.8,59.4,89.29,2971.3,202.3,1183.3,2.97,0.0,0.0
2025-09-05 08:42:49,2200.5,7746.6,7754.5,709.8,701.6,1.17,1134.7,60.0,89.22,2921.1,199.7,1197.4,2.99,0.0,0.0
2025-09-05 08:42:50,2126.4,7644.6,7825.4,717.5,700.6,0.94,1019.1,61.4,89.25,3007.0,197.4,1209.5,2.86,0.0,0.0
2025-09-05 08:42:51,2054.9,7631.4,7791.7,723.5,712.1,1.14,856.6,58.8,89.29,2872.2,186.1,1170.5,2.86,0.1,0.0
2025-09-05 08:42:52,1982.9,7869.2,7728.2,695.1,734.5,1.06,957.6,59.6,89.21,2934.3,190.1,1153.2,3.01,0.0,0.0
2025-09-05 08:42:53,1919.2,7890.3,7922.1,694.9,709.1,0.89,1029.2,60.8,89.27,3014.4,197.6,1117.3,3.24,0.0,0.0
2025-09-05 08:42:54,1859.1,7852.3,7924.3,709.3,710.7,1.11,1003.4,59.4,89.17,2877.6,198.7,1133.3,3.0,0.0,0.0
2025-09-05 08:42:55,1771.3,7838.7,7900.1,703.0,705.7,1.21,939.2,62.8,89.21,2909.0,196.0,1021.2,2.94,0.1,0.0
2025-09-05 08:42:56,1722.0,7728.5,7782.1,697.9,700.3,1.21,891.2,58.0,89.24,3057.3,188.8,1127.2,3.08,0.0,0.0
2025-09-05 08:42:57,1646.6,7846.0,8064.9,708.3,708.0,1.35,1020.9,63.5,89.29,2922.2,194.1,1124.4,2.95,0.0,0.0
2025-09-05 08:42:58,1566.3,7604.5,8030.4,699.3,718.0,0.76,951.3,59.1,89.28,2999.0,191.8,1076.1,3.64,0.0,0.0
2025-09-05 08:42:59,1506.3,7795.1,7749.3,687.9,707.3,0.83,1015.5,61.3,89.21,3017.4,185.9,1028.8,3.41,0.0,0.0
2025-09-05 08:43:00,1497.1,7784.8,8129.1,712.3,716.5,1.41,1348.2,62.2,89.24,2937.9,197.5,1095.6,3.23,0.1,0.0
2025-09-05 08:43:01,1483.9,7964.6,7642.1,706.7,704.6,1.1,1244.6,60.7,89.26,2901.4,199.8,1011.8,2.6,0.3,0.0
2025-09-05 08:43:02,1472.2,7682.9,7824.3,720.3,711.8,1.52,1477.4,58.1,89.19,3088.2,194.3,1069.1,3.1,0.5,0.0
2025-09-05 08:43:03,1461.4,7847.3,7914.5,699.4,707.4,1.29,1243.3,59.5,89.27,2967.1,209.8,999.5,3.01,0.7,0.0
2025-09-05 08:43:04,1448.9,7794.6,7807.6,710.5,706.9,0.85,1357.3,60.1,89.3,3029.5,212.1,969.5,3.08,1.1,0.0
2025-09-05 08:43:05,1435.9,7686.2,7875.0,710.2,712.6,1.35,1229.6,60.8,89.3,2955.4,213.0,975.8,2.62,1.3,0.0
2025-09-05 08:43:06,1424.6,7748.9,7804.0,708.8,704.5,0.95,1279.6,61.4,89.22,3020.7,200.0,946.9,3.32,1.4,0.0
2025-09-05 08:43:07,1407.5,7557.9,7882.0,701.8,703.0,1.28,1278.5,61.6,89.23,2923.2,200.2,952.5,3.35,1.7,0.0
2025-09-05 08:43:08,1400.2,7698.5,7952.7,701.6,711.6,1.53,1229.9,62.0,89.21,2919.6,208.0,963.4,3.37,2.0,0.0
2025-09-05 08:43:09,1383.7,7491.8,7738.8,706.1,708.1,1.75,1340.2,58.7,89.23,2938.7,202.4,925.1,3.18,2.3,0.0
2025-09-05 08:43:10,1372.6,8087.0,7794.0,707.7,706.8,1.19,1471.5,61.4,89.24,2963.0,203.6,906.3,3.88,2.5,0.0
2025-09-05 08:43:11,1360.5,7975.2,7755.3,701.0,707.4,1.39,1539.3,57.6,89.27,2963.0,203.6,909.8,3.45,2.8,0.0
2025-09-05 08:43:12,1346.4,7933.0,7703.2,701.7,710.5,1.29,1489.2,60.2,89.25,2980.3,193.5,912.6,2.96,3.1,0.0
2025-09-05 08:43:13,1333.4,7799.9,7753.6,709.8,706.1,1.41,1295.5,58.5,89.21,3024.6,216.0,887.7,3.49,3.3,0.0
2025-09-05 08:43:14,1321.5,7894.0,7594.5,712.1,711.7,0.55,1494.2,57.5,89.28,2968.3,194.8,895.3,4.26,3.5,0.0
2025-09-05 08:43:15,1310.9,7928.9,7853.8,704.0,709.9,1.11,1369.7,61.3,89.28,3053.8,193.7,885.6,4.47,3.7,0.0
2025-09-05 08:43:16,1299.5,7889.6,7984.6,703.3,715.2,1.29,1537.9,60.0,89.22,2961.0,212.3,864.5,3.61,4.0,0.0
2025-09-05 08:43:17,1286.8,7872.5,7981.5,703.1,714.0,1.33,1168.9,61.4,89.23,3038.0,197.5,868.6,4.04,4.3,0.0
2025-09-05 08:43:18,1271.1,7612.9,7918.1,719.0,711.9,1.02,1502.3,57.8,89.24,3075.7,214.4,833.6,4.38,4.5,0.0
2025-09-05 08:43:19,1258.9,7797.2,7601.2,709.0,706.5,1.42,1251.5,58.3,89.18,3100.6,208.7,862.2,4.57,4.8,0.0
2025-09-05 08:43:20,1246.1,7658.9,7945.5,706.2,708.1,1.49,1465.4,59.9,89.25,2884.0,208.8,826.4,4.08,5.1,0.0
2025-09-05 08:43:21,1236.2,7565.1,7629.3,711.4,704.4,1.23,1270.0,59.1,89.27,3099.7,203.1,831.3,4.43,5.3,0.0
2025-09-05 08:43:22,1218.6,7567.1,7718.6,717.8,721.6,1.15,1438.3,60.1,89.32,2897.0,195.0,785.4,4.2,5.5,0.0
2025-09-05 08:43:23,1212.6,7783.4,7981.2,712.1,706.2,1.12,1294.9,59.1,89.25,3081.9,196.8,733.0,3.71,5.8,0.0
2025-09-05 08:43:24,1196.5,7867.6,7569.3,699.1,710.0,1.25,1102.7,59.5,89.23,2998.8,206.8,757.0,4.83,6.1,0.0
2025-09-05 08:43:25,1183.3,7525.2,7833.7,705.7,713.9,1.51,1214.4,58.4,89.23,3019.9,205.2,764.2,4.5,6.4,0.0
2025-09-05 08:43:26,1172.9,7957.7,7752.0,704.1,700.3,1.6,1303.6,61.8,89.26,2944.6,196.6,766.1,4.74,6.5,0.0
2025-09-05 08:43:27,1161.7,7915.6,7688.0,704.3,702.9,1.09,1337.0,59.6,89.27,3053.8,197.1,742.7,4.55,6.8,0.0
2025-09-05 08:43:28,1147.7,7653.2,7583.2,699.8,705.0,0.97,1064.3,58.4,89.2,3039.4,199.2,785.7,4.34,7.2,0.0
2025-09-05 08:43:29,1136.6,7638.3,7761.7,703.9,701.9,1.01,1191.6,60.9,89.24,2967.4,205.5,680.6,4.55,7.3,0.0
2025-09-05 08:43:30,1122.1,7689.5,7634.2,700.4,700.5,1.46,1249.4,60.7,89.26,2963.7,209.4,655.3,4.92,7.6,0.0
2025-09-05 08:43:31,1111.7,7833.7,7842.1,707.4,704.2,1.27,1313.5,60.3,89.16,3049.3,213.1,701.4,4.34,7.8,0.0
2025-09-05 08:43:32,1099.1,7639.3,7863.8,705.9,713.1,1.29,1367.1,60.3,89.29,3059.5,203.1,675.3,5.5,8.1,0.0
2025-09-05 08:43:33,1083.8,7534.6,7496.0,698.5,710.2,1.33,1242.3,59.5,89.23,3044.2,217.2,691.3,5.84,8.3,0.0
2025-09-05 08:43:34,1074.3,7734.2,7615.0,697.0,706.7,1.31,1159.3,59.8,89.27,2977.5,211.6,704.4,4.11,8.6,0.0
2025-09-05 08:43:35,1059.2,7393.6,7637.7,703.1,706.6,1.18,1380.7,56.9,89.23,2999.8,217.5,766.9,5.42,8.8,0.0
2025-09-05 08:43:36,1046.4,7699.0,7513.6,708.6,698.1,0.94,1305.2,57.8,89.22,3054.1,199.2,619.4,4.94,9.1,0.0
2025-09-05 08:43:37,1031.8,7838.1,7519.1,707.8,709.8,1.05,1454.1,58.3,89.23,3048.2,210.5,619.5,5.4,9.3,0.0
2025-09-05 08:43:38,1020.4,7715.3,7684.7,704.9,708.4,1.24,1284.3,60.4,89.24,3065.1,214.5,646.5,5.29,9.6,0.0
2025-09-05 08:43:39,1010.0,7778.3,7639.8,688.6,700.8,1.31,1427.2,61.7,89.27,3007.9,192.2,589.5,5.2,9.8,0.0
2025-09-05 08:43:40,993.2,7734.8,7434.3,702.6,707.2,1.12,1242.7,59.8,89.22,2958.8,192.2,606.2,5.67,10.1,0.0
2025-09-05 08:43:41,984.5,7764.2,7586.8,701.3,705.1,1.1,1384.1,59.6,89.19,3016.4,268.0,668.9,5.41,10.3,0.0
2025-09-05 08:43:42,971.3,7679.2,7731.5,703.3,703.4,1.56,1363.9,61.6,89.2,3025.9,268.0,614.8,6.01,10.6,0.0
2025-09-05 08:43:43,958.5,7539.4,7486.6,698.8,701.0,1.09,1408.6,59.5,89.19,2968.7,230.1,608.3,5.61,10.9,0.0
2025-09-05 08:43:44,941.0,7620.7,7522.8,702.7,702.5,1.27,1242.6,60.9,89.26,3025.7,192.2,639.8,4.97,11.1,0.0
2025-09-05 08:43:45,932.6,7638.5,7871.0,701.4,701.1,1.13,1342.0,60.6,89.19,2951.0,202.7,535.2,5.52,11.4,0.0
2025-09-05 08:43:46,921.5,7821.6,7829.8,718.3,708.1,0.99,1255.5,58.2,89.29,3014.6,202.0,591.0,5.64,11.6,0.0
2025-09-05 08:43:47,906.0,7869.7,7415.1,708.2,707.5,0.82,1339.8,60.4,89.23,2964.5,211.6,577.8,5.47,11.8,0.0
2025-09-05 08:43:48,895.1,7697.5,7449.5,703.6,707.2,1.07,1435.7,60.3,89.23,3122.5,211.6,581.5,5.27,12.1,0.0
2025-09-05 08:43:49,877.6,7529.9,7688.1,704.3,704.6,1.0,1722.5,58.4,89.28,3068.8,195.6,530.8,6.57,12.3,0.0
2025-09-05 08:43:50,871.1,7529.8,7465.1,703.8,703.4,1.43,1367.3,58.6,89.21,3014.9,215.4,543.3,5.83,12.6,0.0
2025-09-05 08:43:51,855.8,7602.3,7593.2,705.3,715.6,0.92,1450.7,58.2,89.22,2923.4,215.1,547.6,5.89,12.9,0.0
2025-09-05 08:43:52,846.3,7819.6,7562.0,702.3,696.0,1.1,1379.3,61.9,89.26,2928.3,214.0,569.5,5.32,13.1,0.0
2025-09-05 08:43:53,828.2,7668.7,7700.3,704.1,711.3,1.38,1503.9,62.9,89.26,3040.2,200.4,512.5,6.23,13.4,0.0
2025-09-05 08:43:54,820.7,7610.7,7264.5,709.3,707.0,1.18,1424.0,61.0,89.19,2990.9,215.8,551.9,6.02,13.7,0.0
2025-09-05 08:43:55,806.2,7508.0,7306.8,708.3,705.5,1.34,1495.7,62.2,89.32,3017.5,210.0,451.0,6.55,13.8,0.0
2025-09-05 08:43:56,795.7,7735.3,7440.1,705.6,702.5,1.42,1413.6,58.1,89.25,2908.2,213.2,532.1,6.84,14.1,0.0
2025-09-05 08:43:57,779.7,7648.9,7750.3,710.6,703.9,0.79,1661.9,62.0,89.17,2912.3,205.6,537.6,5.97,14.3,0.0
2025-09-05 08:43:58,767.7,7597.9,7583.4,705.0,699.0,1.1,1539.6,62.7,89.22,3006.3,202.7,473.3,5.99,14.7,0.0
2025-09-05 08:43:59,760.8,7616.2,7362.5,698.9,697.9,0.96,1168.9,62.3,89.26,2987.5,200.5,488.2,6.79,14.8,0.0
2025-09-05 08:44:00,742.0,7834.4,7667.3,695.0,704.3,1.56,1412.0,58.7,89.23,2922.3,201.3,491.8,6.81,15.1,0.0
2025-09-05 08:44:01,729.7,7572.5,7694.0,700.2,696.5,1.18,1386.5,61.5,89.26,2953.2,213.0,495.6,6.56,15.4,0.0
2025-09-05 08:44:02,717.9,7828.0,7557.2,703.3,708.9,1.34,1112.1,59.8,89.32,3045.2,200.0,520.7,6.78,15.6,0.0
2025-09-05 08:44:03,703.8,7762.2,7542.0,705.6,710.2,1.64,1275.7,61.5,89.26,2974.4,201.2,480.0,6.42,15.9,0.0
2025-09-05 08:44:04,695.7,7592.2,7646.1,708.9,687.3,1.12,1325.4,59.1,89.3,3033.0,208.6,459.7,6.59,16.2,0.0
2025-09-05 08:44:05,684.1,7705.3,7750.8,700.6,696.7,1.23,1293.6,60.0,89.25,3095.5,204.0,454.7,6.65,16.4,0.0
2025-09-05 08:44:06,666.7,7560.8,7599.5,699.3,705.8,1.31,1399.1,59.2,89.19,3019.2,190.1,464.9,5.87,16.6,0.0
2025-09-05 08:44:07,652.0,7458.8,7649.4,707.2,705.4,1.14,1168.2,60.7,89.28,3007.1,200.9,476.4,7.05,16.8,0.0
2025-09-05 08:44:08,645.2,7533.9,7564.7,709.1,704.8,1.53,1476.1,59.9,89.19,2965.1,203.2,452.7,7.11,17.1,0.0
2025-09-05 08:44:09,632.5,7441.1,7514.7,700.8,706.3,1.42,1480.8,61.6,89.26,3070.3,218.5,419.5,6.5,17.4,0.0
2025-09-05 08:44:10,619.3,7636.3,7436.5,704.8,707.9,1.47,1431.2,61.2,89.25,2915.8,211.2,421.0,6.7,17.6,0.0
2025-09-05 08:44:11,607.4,7563.4,7597.2,709.9,708.4,1.22,1350.1,60.6,89.18,2935.9,198.3,399.9,7.09,17.9,0.0
2025-09-05 08:44:12,590.7,7637.5,7516.0,704.6,713.0,1.12,1391.8,60.0,89.19,2998.6,197.5,391.6,7.3,18.1,0.0
2025-09-05 08:44:13,579.5,7670.4,7520.5,702.6,704.1,1.12,1336.4,59.6,89.21,2914.1,202.5,399.3,7.08,18.4,0.0
2025-09-05 08:44:14,564.5,7114.4,7681.4,692.4,708.2,1.12,1531.9,60.0,89.23,3056.5,207.8,390.8,6.95,18.6,0.0
2025-09-05 08:44:15,551.8,7591.5,7616.2,709.4,695.7,0.79,1456.0,61.0,89.27,2963.4,200.0,431.2,7.34,18.9,0.0
2025-09-05 08:44:16,544.0,7292.3,7666.4,705.9,703.1,1.3,1636.7,60.2,89.22,3030.3,209.4,359.0,7.28,19.1,0.0
2025-09-05 08:44:17,528.1,7564.5,7320.6,703.3,697.6,1.42,1353.3,60.4,89.29,2981.7,195.1,396.9,6.9,19.4,0.0
2025-09-05 08:44:18,521.4,7415.0,7616.0,700.2,710.6,1.21,1573.8,60.0,89.25,2985.0,208.6,349.2,7.21,19.7,0.0
2025-09-05 08:44:19,504.4,7549.0,7451.9,696.2,715.2,1.08,1330.7,59.9,89.19,3000.4,215.2,411.1,7.25,19.9,0.0
2025-09-05 08:44:20,490.3,7722.3,7417.9,701.9,706.2,1.22,1380.9,59.1,89.19,2885.7,185.4,389.2,7.7,20.1,0.0
2025-09-05 08:44:21,480.6,7288.6,7408.4,701.8,696.9,1.27,1276.9,57.4,89.22,2936.5,205.8,416.8,6.98,20.5,0.0
2025-09-05 08:44:22,470.0,7551.1,7694.0,707.8,702.8,1.29,1467.1,60.8,89.19,2972.1,208.0,387.3,7.24,20.7,0.0
2025-09-05 08:44:23,454.8,7510.0,7636.9,696.1,703.4,1.67,1398.1,60.8,89.21,3128.4,209.5,328.9,7.45,21.0,0.0
2025-09-05 08:44:24,438.7,7252.7,7417.3,709.4,704.2,0.99,1481.4,58.7,89.24,3046.8,206.8,360.1,7.67,21.2,0.0
2025-09-05 08:44:25,429.3,7605.0,7355.0,702.3,708.6,1.3,1587.5,62.7,89.22,3041.6,205.5,332.5,8.64,21.4,0.0
2025-09-05 08:44:26,418.7,7515.7,7512.8,708.0,707.9,1.39,1402.3,58.4,89.25,2939.4,208.2,331.2,7.69,21.7,0.0
2025-09-05 08:44:27,402.4,7436.3,7443.2,697.1,689.8,1.23,1456.2,61.4,89.19,3051.4,206.9,309.4,8.23,21.9,0.0
2025-09-05 08:44:28,389.2,7403.2,7736.5,703.6,709.8,1.15,1520.0,60.4,89.18,3071.8,206.7,328.9,8.17,22.2,0.0
2025-09-05 08:44:29,380.2,7950.6,7296.3,707.9,700.4,0.95,1405.8,60.4,89.16,3043.2,218.2,337.8,8.43,22.4,0.0
2025-09-05 08:44:30,365.8,7442.3,7241.3,702.3,700.0,1.06,1348.2,61.6,89.14,3151.8,213.9,337.1,8.65,22.6,0.0
2025-09-05 08:44:31,350.7,7242.1,7458.3,694.3,709.8,1.39,1458.5,61.3,89.19,2921.4,213.2,409.6,8.25,22.9,0.0
2025-09-05 08:44:32,339.6,7360.4,7492.3,700.0,701.4,1.58,1477.3,60.0,89.21,2937.2,201.1,315.1,7.7,23.2,0.0
2025-09-05 08:44:33,326.2,7436.1,7506.0,704.2,695.8,1.04,1512.0,58.5,89.2,2984.3,202.2,319.0,7.99,23.5,0.0
2025-09-05 08:44:34,315.7,7430.2,7589.5,694.5,695.9,1.33,1519.5,58.3,89.21,2943.0,214.2,308.4,8.77,23.7,0.0
2025-09-05 08:44:35,302.7,7469.6,7770.9,694.2,702.8,1.34,1340.0,60.3,89.29,3002.6,197.9,308.4,9.08,24.0,0.0
2025-09-05 08:44:36,292.2,7330.7,7429.4,702.5,707.0,1.47,1475.4,62.2,89.17,3029.8,213.9,295.6,8.79,24.2,0.0
2025-09-05 08:44:37,278.7,7549.8,7397.7,696.5,709.9,1.27,1571.3,61.2,89.2,2998.8,195.6,282.7,9.28,24.4,0.0
2025-09-05 08:44:38,261.6,7402.9,7224.3,704.6,701.4,1.32,1368.4,60.0,89.19,3005.4,222.5,269.9,8.67,24.7,0.0
2025-09-05 08:44:39,252.9,7276.7,7501.3,695.3,699.9,1.44,1469.3,60.5,89.17,3023.1,215.6,257.0,8.13,25.0,0.0
2025-09-05 08:44:40,241.3,7349.7,7583.3,691.9,710.3,0.91,1352.3,61.0,89.26,3044.5,201.8,244.2,8.54,25.3,0.0
2025-09-05 08:44:41,227.8,7406.7,7424.0,697.1,699.8,1.22,1448.2,62.4,89.21,2961.2,202.4,231.3,8.67,25.5,0.0
2025-09-05 08:44:42,216.3,7576.0,7622.4,708.4,709.3,0.76,1638.4,58.9,89.26,2960.7,190.2,218.5,8.97,25.7,0.0
2025-09-05 08:44:43,200.6,7521.6,7458.0,696.5,703.1,0.71,1451.5,61.0,89.16,3068.7,205.6,205.6,9.0,25.9,0.0
2025-09-05 08:44:44,187.2,7403.1,7662.5,700.8,703.1,1.0,1315.7,60.4,89.28,2979.8,215.2,192.8,8.37,26.2,0.0
2025-09-05 08:44:45,178.3,7449.8,7493.7,702.0,700.6,0.82,1474.8,58.9,89.3,2951.2,210.7,179.9,9.23,26.4,50.0
2025-09-05 08:44:46,161.7,7473.8,7295.7,695.9,703.2,1.34,1460.4,58.6,89.17,3015.9,204.0,167.1,8.6,26.8,50.0
2025-09-05 08:44:47,146.9,7725.8,7351.2,706.1,699.4,1.46,1570.0,61.8,89.2,2979.1,221.8,154.2,8.98,27.0,50.0
2025-09-05 08:44:48,140.7,7350.5,7222.3,701.4,698.2,1.13,1271.8,60.5,89.2,3006.4,210.3,141.4,9.18,27.2,50.0
2025-09-05 08:44:49,124.6,7499.0,7190.4,702.7,700.9,1.17,1328.0,59.7,89.23,2995.7,209.2,128.5,9.25,27.5,50.0
2025-09-05 08:44:50,112.8,7531.9,7467.6,692.0,698.2,1.15,1430.1,60.1,89.15,3036.1,203.7,115.7,9.24,27.7,50.0
2025-09-05 08:44:51,98.0,7293.5,7548.6,691.6,702.9,1.14,1253.8,61.4,89.22,3052.5,210.5,102.8,8.87,28.0,50.0
2025-09-05 08:44:52,85.6,7450.0,7697.1,686.5,701.8,1.24,1578.8,60.1,89.23,2951.3,226.3,90.0,9.09,28.1,50.0
2025-09-05 08:44:53,73.3,7443.0,7412.4,699.3,700.0,1.3,1199.6,62.2,89.18,2928.9,209.5,77.1,9.56,28.5,50.0
2025-09-05 08:44:54,62.3,7351.0,7383.6,699.0,700.2,1.09,1199.6,59.6,89.11,3092.0,193.1,64.3,9.07,28.7,50.0
2025-09-05 08:44:55,51.2,7492.9,7258.2,703.7,700.0,1.01,1319.7,58.9,89.17,2959.7,207.7,51.4,8.84,29.1,50.0
2025-09-05 08:44:56,33.2,7554.1,7548.3,707.4,709.8,1.08,1439.8,59.8,89.18,2909.4,220.8,38.6,8.35,29.2,50.0
2025-09-05 08:44:57,26.7,7565.0,7461.2,698.7,701.0,1.41,1559.9,58.7,89.23,2889.4,215.2,25.7,9.41,29.5,50.0
2025-09-05 08:44:58,10.2,7376.5,7320.0,698.5,698.0,1.1,1679.9,59.5,89.17,2997.3,202.0,12.9,9.1,29.7,50.0
2025-09-05 08:44:59,0.0,7426.6,7496.4,702.1,699.4,1.58,1800.0,61.7,89.15,2962.0,208.7,0.0,9.51,30.0,50.0
